property_name,channel,course_name,play_date,time_of_day,2026-04-18,2026-04-20,2026-04-21,2026-04-22,2026-04-24,2026-04-26,2026-04-27,2026-04-28,2026-04-29,2026-04-30,2026-05-01,2026-05-04,2026-05-05,2026-05-09,2026-05-11,2026-05-12,2026-05-13,2026-05-14,2026-05-15,2026-05-16,2026-05-17,2026-05-18,2026-05-19,2026-05-24,2026-05-25,2026-05-26,2026-05-27,2026-05-28,2026-05-29,2026-05-30,2026-05-31,2026-06-01,2026-06-02,2026-06-03,2026-06-04
소노펠리체CC 괌 망길라오,AGL,레오팔레스 리조트 CC,2026-04-18,최저가,203300.0,,,,,,,,,,,,,,,,,,,,,,,,,,,,,,,,,,
소노펠리체CC 괌 망길라오,AGL,레오팔레스 리조트 CC,2026-04-20,최저가,,204300.0,,,,,,,,,,,,,,,,,,,,,,,,,,,,,,,,,
소노펠리체CC 괌 망길라오,AGL,레오팔레스 리조트 CC,2026-04-21,최저가,,,203700.0,,,,,,,,,,,,,,,,,,,,,,,,,,,,,,,,
소노펠리체CC 괌 망길라오,AGL,레오팔레스 리조트 CC,2026-04-22,최저가,,,,203000.0,,,,,,,,,,,,,,,,,,,,,,,,,,,,,,,
소노펠리체CC 괌 망길라오,AGL,레오팔레스 리조트 CC,2026-04-24,최저가,,,,,204400.0,,,,,,,,,,,,,,,,,,,,,,,,,,,,,,
소노펠리체CC 괌 망길라오,AGL,레오팔레스 리조트 CC,2026-04-26,최저가,,,,,,204400.0,,,,,,,,,,,,,,,,,,,,,,,,,,,,,
소노펠리체CC 괌 망길라오,AGL,레오팔레스 리조트 CC,2026-04-27,최저가,,,,,,,204700.0,,,,,,,,,,,,,,,,,,,,,,,,,,,,
소노펠리체CC 괌 망길라오,AGL,레오팔레스 리조트 CC,2026-04-28,최저가,,,,,,,,203300.0,,,,,,,,,,,,,,,,,,,,,,,,,,,
소노펠리체CC 괌 망길라오,AGL,레오팔레스 리조트 CC,2026-04-29,최저가,,,,,,,,,203400.0,,,,,,,,,,,,,,,,,,,,,,,,,,
소노펠리체CC 괌 망길라오,AGL,레오팔레스 리조트 CC,2026-04-30,최저가,,,,,,,,,,203800.0,,,,,,,,,,,,,,,,,,,,,,,,,
소노펠리체CC 괌 망길라오,AGL,레오팔레스 리조트 CC,2026-05-01,최저가,,,,,,,,,,,203800.0,,,,,,,,,,,,,,,,,,,,,,,,
소노펠리체CC 괌 망길라오,AGL,레오팔레스 리조트 CC,2026-05-04,최저가,,,,,,,,,,,,205000.0,,,,,,,,,,,,,,,,,,,,,,,
소노펠리체CC 괌 망길라오,AGL,레오팔레스 리조트 CC,2026-05-05,최저가,,,,,,,,,,,,,205000.0,,,,,,,,,,,,,,,,,,,,,,
소노펠리체CC 괌 망길라오,AGL,망길라오 골프 클럽,2026-04-18,최저가,291600.0,,,,,,,,,,,,,,,,,,,,,,,,,,,,,,,,,,
소노펠리체CC 괌 망길라오,AGL,망길라오 골프 클럽,2026-04-20,최저가,,293100.0,,,,,,,,,,,,,,,,,,,,,,,,,,,,,,,,,
소노펠리체CC 괌 망길라오,AGL,망길라오 골프 클럽,2026-04-21,최저가,,,292200.0,,,,,,,,,,,,,,,,,,,,,,,,,,,,,,,,
소노펠리체CC 괌 망길라오,AGL,망길라오 골프 클럽,2026-04-22,최저가,,,,291300.0,,,,,,,,,,,,,,,,,,,,,,,,,,,,,,,
소노펠리체CC 괌 망길라오,AGL,망길라오 골프 클럽,2026-04-24,최저가,,,,,293200.0,,,,,,,,,,,,,,,,,,,,,,,,,,,,,,
소노펠리체CC 괌 망길라오,AGL,망길라오 골프 클럽,2026-04-26,최저가,,,,,,293200.0,,,,,,,,,,,,,,,,,,,,,,,,,,,,,
소노펠리체CC 괌 망길라오,AGL,망길라오 골프 클럽,2026-04-27,최저가,,,,,,,293700.0,,,,,,,,,,,,,,,,,,,,,,,,,,,,
소노펠리체CC 괌 망길라오,AGL,망길라오 골프 클럽,2026-04-28,최저가,,,,,,,,291700.0,,,,,,,,,,,,,,,,,,,,,,,,,,,
소노펠리체CC 괌 망길라오,AGL,망길라오 골프 클럽,2026-04-29,최저가,,,,,,,,,291800.0,,,,,,,,,,,,,,,,,,,,,,,,,,
소노펠리체CC 괌 망길라오,AGL,망길라오 골프 클럽,2026-04-30,최저가,,,,,,,,,,292300.0,,,,,,,,,,,,,,,,,,,,,,,,,
소노펠리체CC 괌 망길라오,AGL,망길라오 골프 클럽,2026-05-01,최저가,,,,,,,,,,,292300.0,,,,,,,,,,,,,,,,,,,,,,,,
소노펠리체CC 괌 망길라오,AGL,망길라오 골프 클럽,2026-05-04,최저가,,,,,,,,,,,,294000.0,,,,,,,,,,,,,,,,,,,,,,,
소노펠리체CC 괌 망길라오,AGL,망길라오 골프 클럽,2026-05-05,최저가,,,,,,,,,,,,,294000.0,,,,,,,,,,,,,,,,,,,,,,
소노펠리체CC 괌 망길라오,KKday,망길라오 골프 클럽,2026-04-18,최저가,301113.0,,,,,,,,,,,,,,,,,,,,,,,,,,,,,,,,,,
소노펠리체CC 괌 망길라오,KKday,망길라오 골프 클럽,2026-04-20,최저가,,301329.0,,,,,,,,,,,,,,,,,,,,,,,,,,,,,,,,,
소노펠리체CC 괌 망길라오,KKday,망길라오 골프 클럽,2026-04-21,최저가,,,300385.0,,,,,,,,,,,,,,,,,,,,,,,,,,,,,,,,
소노펠리체CC 괌 망길라오,KKday,망길라오 골프 클럽,2026-04-22,최저가,,,,299319.0,,,,,,,,,,,,,,,,,,,,,,,,,,,,,,,
소노펠리체CC 괌 망길라오,KKday,망길라오 골프 클럽,2026-04-24,최저가,,,,,300231.0,,,,,,,,,,,,,,,,,,,,,,,,,,,,,,
소노펠리체CC 괌 망길라오,KKday,망길라오 골프 클럽,2026-04-26,최저가,,,,,,300816.0,,,,,,,,,,,,,,,,,,,,,,,,,,,,,
소노펠리체CC 괌 망길라오,KKday,망길라오 골프 클럽,2026-04-27,최저가,,,,,,,300563.0,,,,,,,,,,,,,,,,,,,,,,,,,,,,
소노펠리체CC 괌 망길라오,KKday,망길라오 골프 클럽,2026-04-28,최저가,,,,,,,,300503.0,,,,,,,,,,,,,,,,,,,,,,,,,,,
소노펠리체CC 괌 망길라오,KKday,망길라오 골프 클럽,2026-04-29,최저가,,,,,,,,,300718.0,,,,,,,,,,,,,,,,,,,,,,,,,,
소노펠리체CC 괌 망길라오,KKday,망길라오 골프 클럽,2026-04-30,최저가,,,,,,,,,,299398.0,,,,,,,,,,,,,,,,,,,,,,,,,
소노펠리체CC 괌 망길라오,KKday,망길라오 골프 클럽,2026-05-01,최저가,,,,,,,,,,,300954.0,,,,,,,,,,,,,,,,,,,,,,,,
소노펠리체CC 괌 망길라오,KKday,망길라오 골프 클럽,2026-05-04,최저가,,,,,,,,,,,,300502.0,,,,,,,,,,,,,,,,,,,,,,,
소노펠리체CC 괌 망길라오,KKday,망길라오 골프 클럽,2026-05-05,최저가,,,,,,,,,,,,,300106.0,,,,,,,,,,,,,,,,,,,,,,
소노펠리체CC 괌 망길라오,KKday,망길라오 골프 클럽,2026-05-09,최저가,,,,,,,,,,,,,,299677.0,,,,,,,,,,,,,,,,,,,,,
소노펠리체CC 괌 망길라오,KKday,망길라오 골프 클럽,2026-05-11,최저가,,,,,,,,,,,,,,,300819.0,,,,,,,,,,,,,,,,,,,,
소노펠리체CC 괌 망길라오,KKday,망길라오 골프 클럽,2026-05-12,최저가,,,,,,,,,,,,,,,,300355.0,,,,,,,,,,,,,,,,,,,
소노펠리체CC 괌 망길라오,KKday,망길라오 골프 클럽,2026-05-13,최저가,,,,,,,,,,,,,,,,,300008.0,,,,,,,,,,,,,,,,,,
소노펠리체CC 괌 망길라오,KKday,망길라오 골프 클럽,2026-05-14,최저가,,,,,,,,,,,,,,,,,,300550.0,,,,,,,,,,,,,,,,,
소노펠리체CC 괌 망길라오,KKday,망길라오 골프 클럽,2026-05-15,최저가,,,,,,,,,,,,,,,,,,,300371.0,,,,,,,,,,,,,,,,
소노펠리체CC 괌 망길라오,KKday,망길라오 골프 클럽,2026-05-16,최저가,,,,,,,,,,,,,,,,,,,,300635.0,,,,,,,,,,,,,,,
소노펠리체CC 괌 망길라오,KKday,망길라오 골프 클럽,2026-05-17,최저가,,,,,,,,,,,,,,,,,,,,,300557.0,,,,,,,,,,,,,,
소노펠리체CC 괌 망길라오,KKday,망길라오 골프 클럽,2026-05-18,최저가,,,,,,,,,,,,,,,,,,,,,,300494.0,,,,,,,,,,,,,
소노펠리체CC 괌 망길라오,KKday,망길라오 골프 클럽,2026-05-19,최저가,,,,,,,,,,,,,,,,,,,,,,,301589.0,,,,,,,,,,,,
소노펠리체CC 괌 망길라오,KKday,망길라오 골프 클럽,2026-05-24,최저가,,,,,,,,,,,,,,,,,,,,,,,,299766.0,,,,,,,,,,,
소노펠리체CC 괌 망길라오,KKday,망길라오 골프 클럽,2026-05-25,최저가,,,,,,,,,,,,,,,,,,,,,,,,,300293.0,,,,,,,,,,
소노펠리체CC 괌 망길라오,KKday,망길라오 골프 클럽,2026-05-26,최저가,,,,,,,,,,,,,,,,,,,,,,,,,,300528.0,,,,,,,,,
소노펠리체CC 괌 망길라오,KKday,망길라오 골프 클럽,2026-05-27,최저가,,,,,,,,,,,,,,,,,,,,,,,,,,,300397.0,,,,,,,,
소노펠리체CC 괌 망길라오,KKday,망길라오 골프 클럽,2026-05-28,최저가,,,,,,,,,,,,,,,,,,,,,,,,,,,,300287.0,,,,,,,
소노펠리체CC 괌 망길라오,KKday,망길라오 골프 클럽,2026-05-29,최저가,,,,,,,,,,,,,,,,,,,,,,,,,,,,,301022.0,,,,,,
소노펠리체CC 괌 망길라오,KKday,망길라오 골프 클럽,2026-05-30,최저가,,,,,,,,,,,,,,,,,,,,,,,,,,,,,,300428.0,,,,,
소노펠리체CC 괌 망길라오,KKday,망길라오 골프 클럽,2026-05-31,최저가,,,,,,,,,,,,,,,,,,,,,,,,,,,,,,,300467.0,,,,
소노펠리체CC 괌 망길라오,KKday,망길라오 골프 클럽,2026-06-01,최저가,,,,,,,,,,,,,,,,,,,,,,,,,,,,,,,,300477.0,,,
소노펠리체CC 괌 망길라오,KKday,망길라오 골프 클럽,2026-06-02,최저가,,,,,,,,,,,,,,,,,,,,,,,,,,,,,,,,,299898.0,,
소노펠리체CC 괌 망길라오,KKday,망길라오 골프 클럽,2026-06-03,최저가,,,,,,,,,,,,,,,,,,,,,,,,,,,,,,,,,,300507.0,
소노펠리체CC 괌 망길라오,KKday,망길라오 골프 클럽,2026-06-04,최저가,,,,,,,,,,,,,,,,,,,,,,,,,,,,,,,,,,,299589.0
소노펠리체CC 괌 망길라오,몽키트래블,CCP (컨트리 클럽 오브 더 퍼시픽),2026-04-19,오전,167269.0,,,,,,,,,,,,,,,,,,,,,,,,,,,,,,,,,,
소노펠리체CC 괌 망길라오,몽키트래블,CCP (컨트리 클럽 오브 더 퍼시픽),2026-04-19,오후,167269.0,,,,,,,,,,,,,,,,,,,,,,,,,,,,,,,,,,
소노펠리체CC 괌 망길라오,몽키트래블,CCP (컨트리 클럽 오브 더 퍼시픽),2026-04-20,오전,167269.0,,,,,,,,,,,,,,,,,,,,,,,,,,,,,,,,,,
소노펠리체CC 괌 망길라오,몽키트래블,CCP (컨트리 클럽 오브 더 퍼시픽),2026-04-20,오후,167269.0,,,,,,,,,,,,,,,,,,,,,,,,,,,,,,,,,,
소노펠리체CC 괌 망길라오,몽키트래블,CCP (컨트리 클럽 오브 더 퍼시픽),2026-04-21,오전,167269.0,167588.0,,,,,,,,,,,,,,,,,,,,,,,,,,,,,,,,,
소노펠리체CC 괌 망길라오,몽키트래블,CCP (컨트리 클럽 오브 더 퍼시픽),2026-04-21,오후,167269.0,167588.0,,,,,,,,,,,,,,,,,,,,,,,,,,,,,,,,,
소노펠리체CC 괌 망길라오,몽키트래블,CCP (컨트리 클럽 오브 더 퍼시픽),2026-04-22,오전,167269.0,167588.0,167531.0,,,,,,,,,,,,,,,,,,,,,,,,,,,,,,,,
소노펠리체CC 괌 망길라오,몽키트래블,CCP (컨트리 클럽 오브 더 퍼시픽),2026-04-22,오후,167269.0,167588.0,167531.0,,,,,,,,,,,,,,,,,,,,,,,,,,,,,,,,
소노펠리체CC 괌 망길라오,몽키트래블,CCP (컨트리 클럽 오브 더 퍼시픽),2026-04-23,오전,167269.0,167588.0,167531.0,168478.0,,,,,,,,,,,,,,,,,,,,,,,,,,,,,,,
소노펠리체CC 괌 망길라오,몽키트래블,CCP (컨트리 클럽 오브 더 퍼시픽),2026-04-23,오후,167269.0,167588.0,167531.0,168478.0,,,,,,,,,,,,,,,,,,,,,,,,,,,,,,,
소노펠리체CC 괌 망길라오,몽키트래블,CCP (컨트리 클럽 오브 더 퍼시픽),2026-04-24,오전,167269.0,167588.0,167531.0,168478.0,,,,,,,,,,,,,,,,,,,,,,,,,,,,,,,
소노펠리체CC 괌 망길라오,몽키트래블,CCP (컨트리 클럽 오브 더 퍼시픽),2026-04-24,오후,167269.0,167588.0,167531.0,168478.0,,,,,,,,,,,,,,,,,,,,,,,,,,,,,,,
소노펠리체CC 괌 망길라오,몽키트래블,CCP (컨트리 클럽 오브 더 퍼시픽),2026-04-25,오전,167269.0,167588.0,167531.0,168478.0,168443.0,,,,,,,,,,,,,,,,,,,,,,,,,,,,,,
소노펠리체CC 괌 망길라오,몽키트래블,CCP (컨트리 클럽 오브 더 퍼시픽),2026-04-25,오후,167269.0,167588.0,167531.0,168478.0,168443.0,,,,,,,,,,,,,,,,,,,,,,,,,,,,,,
소노펠리체CC 괌 망길라오,몽키트래블,CCP (컨트리 클럽 오브 더 퍼시픽),2026-04-26,오전,167269.0,167588.0,167531.0,168478.0,168443.0,,,,,,,,,,,,,,,,,,,,,,,,,,,,,,
소노펠리체CC 괌 망길라오,몽키트래블,CCP (컨트리 클럽 오브 더 퍼시픽),2026-04-26,오후,167269.0,167588.0,167531.0,168478.0,168443.0,,,,,,,,,,,,,,,,,,,,,,,,,,,,,,
소노펠리체CC 괌 망길라오,몽키트래블,CCP (컨트리 클럽 오브 더 퍼시픽),2026-04-27,오전,167269.0,167588.0,167531.0,168478.0,168443.0,168375.0,,,,,,,,,,,,,,,,,,,,,,,,,,,,,
소노펠리체CC 괌 망길라오,몽키트래블,CCP (컨트리 클럽 오브 더 퍼시픽),2026-04-27,오후,167269.0,167588.0,167531.0,168478.0,168443.0,168375.0,,,,,,,,,,,,,,,,,,,,,,,,,,,,,
소노펠리체CC 괌 망길라오,몽키트래블,CCP (컨트리 클럽 오브 더 퍼시픽),2026-04-28,오전,167269.0,167588.0,167531.0,168478.0,168443.0,168375.0,167749.0,,,,,,,,,,,,,,,,,,,,,,,,,,,,
소노펠리체CC 괌 망길라오,몽키트래블,CCP (컨트리 클럽 오브 더 퍼시픽),2026-04-28,오후,167269.0,167588.0,167531.0,168478.0,168443.0,168375.0,167749.0,,,,,,,,,,,,,,,,,,,,,,,,,,,,
소노펠리체CC 괌 망길라오,몽키트래블,CCP (컨트리 클럽 오브 더 퍼시픽),2026-04-29,오전,167269.0,167588.0,167531.0,168478.0,168443.0,168375.0,167749.0,168090.0,,,,,,,,,,,,,,,,,,,,,,,,,,,
소노펠리체CC 괌 망길라오,몽키트래블,CCP (컨트리 클럽 오브 더 퍼시픽),2026-04-29,오후,167269.0,167588.0,167531.0,168478.0,168443.0,168375.0,167749.0,168090.0,,,,,,,,,,,,,,,,,,,,,,,,,,,
소노펠리체CC 괌 망길라오,몽키트래블,CCP (컨트리 클럽 오브 더 퍼시픽),2026-04-30,오전,167269.0,167588.0,167531.0,168478.0,168443.0,168375.0,167749.0,168090.0,168729.0,,,,,,,,,,,,,,,,,,,,,,,,,,
소노펠리체CC 괌 망길라오,몽키트래블,CCP (컨트리 클럽 오브 더 퍼시픽),2026-04-30,오후,167269.0,167588.0,167531.0,168478.0,168443.0,168375.0,167749.0,168090.0,168729.0,,,,,,,,,,,,,,,,,,,,,,,,,,
소노펠리체CC 괌 망길라오,몽키트래블,CCP (컨트리 클럽 오브 더 퍼시픽),2026-05-01,오전,167269.0,167588.0,167531.0,168478.0,168443.0,168375.0,167749.0,168090.0,168729.0,168397.0,,,,,,,,,,,,,,,,,,,,,,,,,
소노펠리체CC 괌 망길라오,몽키트래블,CCP (컨트리 클럽 오브 더 퍼시픽),2026-05-01,오후,167269.0,167588.0,167531.0,168478.0,168443.0,168375.0,167749.0,168090.0,168729.0,168397.0,,,,,,,,,,,,,,,,,,,,,,,,,
소노펠리체CC 괌 망길라오,몽키트래블,CCP (컨트리 클럽 오브 더 퍼시픽),2026-05-02,오전,167269.0,167588.0,167531.0,168478.0,168443.0,168375.0,167749.0,168090.0,168729.0,168397.0,167885.0,,,,,,,,,,,,,,,,,,,,,,,,
소노펠리체CC 괌 망길라오,몽키트래블,CCP (컨트리 클럽 오브 더 퍼시픽),2026-05-02,오후,167269.0,167588.0,167531.0,168478.0,168443.0,168375.0,167749.0,168090.0,168729.0,168397.0,167885.0,,,,,,,,,,,,,,,,,,,,,,,,
소노펠리체CC 괌 망길라오,몽키트래블,CCP (컨트리 클럽 오브 더 퍼시픽),2026-05-03,오전,,167588.0,167531.0,168478.0,168443.0,168375.0,167749.0,168090.0,168729.0,168397.0,167885.0,,,,,,,,,,,,,,,,,,,,,,,,
소노펠리체CC 괌 망길라오,몽키트래블,CCP (컨트리 클럽 오브 더 퍼시픽),2026-05-03,오후,,167588.0,167531.0,168478.0,168443.0,168375.0,167749.0,168090.0,168729.0,168397.0,167885.0,,,,,,,,,,,,,,,,,,,,,,,,
소노펠리체CC 괌 망길라오,몽키트래블,CCP (컨트리 클럽 오브 더 퍼시픽),2026-05-04,오전,,167588.0,167531.0,168478.0,168443.0,168375.0,167749.0,168090.0,168729.0,168397.0,167885.0,,,,,,,,,,,,,,,,,,,,,,,,
소노펠리체CC 괌 망길라오,몽키트래블,CCP (컨트리 클럽 오브 더 퍼시픽),2026-05-04,오후,,167588.0,167531.0,168478.0,168443.0,168375.0,167749.0,168090.0,168729.0,168397.0,167885.0,,,,,,,,,,,,,,,,,,,,,,,,
소노펠리체CC 괌 망길라오,몽키트래블,CCP (컨트리 클럽 오브 더 퍼시픽),2026-05-05,오전,,,167531.0,168478.0,168443.0,168375.0,167749.0,168090.0,168729.0,168397.0,167885.0,167509.0,,,,,,,,,,,,,,,,,,,,,,,
소노펠리체CC 괌 망길라오,몽키트래블,CCP (컨트리 클럽 오브 더 퍼시픽),2026-05-05,오후,,,167531.0,168478.0,168443.0,168375.0,167749.0,168090.0,168729.0,168397.0,167885.0,167509.0,,,,,,,,,,,,,,,,,,,,,,,
소노펠리체CC 괌 망길라오,몽키트래블,CCP (컨트리 클럽 오브 더 퍼시픽),2026-05-06,오전,,,,168478.0,168443.0,168375.0,167749.0,168090.0,168729.0,168397.0,167885.0,167509.0,167862.0,,,,,,,,,,,,,,,,,,,,,,
소노펠리체CC 괌 망길라오,몽키트래블,CCP (컨트리 클럽 오브 더 퍼시픽),2026-05-06,오후,,,,168478.0,168443.0,168375.0,167749.0,168090.0,168729.0,168397.0,167885.0,167509.0,167862.0,,,,,,,,,,,,,,,,,,,,,,
소노펠리체CC 괌 망길라오,몽키트래블,CCP (컨트리 클럽 오브 더 퍼시픽),2026-05-07,오전,,,,,168443.0,168375.0,167749.0,168090.0,168729.0,168397.0,167885.0,167509.0,167862.0,,,,,,,,,,,,,,,,,,,,,,
소노펠리체CC 괌 망길라오,몽키트래블,CCP (컨트리 클럽 오브 더 퍼시픽),2026-05-07,오후,,,,,168443.0,168375.0,167749.0,168090.0,168729.0,168397.0,167885.0,167509.0,167862.0,,,,,,,,,,,,,,,,,,,,,,
소노펠리체CC 괌 망길라오,몽키트래블,CCP (컨트리 클럽 오브 더 퍼시픽),2026-05-08,오전,,,,,168443.0,168375.0,167749.0,168090.0,168729.0,168397.0,167885.0,167509.0,167862.0,,,,,,,,,,,,,,,,,,,,,,
소노펠리체CC 괌 망길라오,몽키트래블,CCP (컨트리 클럽 오브 더 퍼시픽),2026-05-08,오후,,,,,168443.0,168375.0,167749.0,168090.0,168729.0,168397.0,167885.0,167509.0,167862.0,,,,,,,,,,,,,,,,,,,,,,
소노펠리체CC 괌 망길라오,몽키트래블,CCP (컨트리 클럽 오브 더 퍼시픽),2026-05-09,오전,,,,,,168375.0,167749.0,168090.0,168729.0,168397.0,167885.0,167509.0,167862.0,,,,,,,,,,,,,,,,,,,,,,
소노펠리체CC 괌 망길라오,몽키트래블,CCP (컨트리 클럽 오브 더 퍼시픽),2026-05-09,오후,,,,,,168375.0,167749.0,168090.0,168729.0,168397.0,167885.0,167509.0,167862.0,,,,,,,,,,,,,,,,,,,,,,
소노펠리체CC 괌 망길라오,몽키트래블,CCP (컨트리 클럽 오브 더 퍼시픽),2026-05-10,오전,,,,,,168375.0,167749.0,168090.0,168729.0,168397.0,167885.0,167509.0,167862.0,166631.0,,,,,,,,,,,,,,,,,,,,,
소노펠리체CC 괌 망길라오,몽키트래블,CCP (컨트리 클럽 오브 더 퍼시픽),2026-05-10,오후,,,,,,168375.0,167749.0,168090.0,168729.0,168397.0,167885.0,167509.0,167862.0,166631.0,,,,,,,,,,,,,,,,,,,,,
소노펠리체CC 괌 망길라오,몽키트래블,CCP (컨트리 클럽 오브 더 퍼시픽),2026-05-11,오전,,,,,,,167749.0,168090.0,168729.0,168397.0,167885.0,167509.0,167862.0,166631.0,,,,,,,,,,,,,,,,,,,,,
소노펠리체CC 괌 망길라오,몽키트래블,CCP (컨트리 클럽 오브 더 퍼시픽),2026-05-11,오후,,,,,,,167749.0,168090.0,168729.0,168397.0,167885.0,167509.0,167862.0,166631.0,,,,,,,,,,,,,,,,,,,,,
소노펠리체CC 괌 망길라오,몽키트래블,CCP (컨트리 클럽 오브 더 퍼시픽),2026-05-12,오전,,,,,,,,168090.0,168729.0,168397.0,167885.0,167509.0,167862.0,166631.0,167543.0,,,,,,,,,,,,,,,,,,,,
소노펠리체CC 괌 망길라오,몽키트래블,CCP (컨트리 클럽 오브 더 퍼시픽),2026-05-12,오후,,,,,,,,168090.0,168729.0,168397.0,167885.0,167509.0,167862.0,166631.0,167543.0,,,,,,,,,,,,,,,,,,,,
소노펠리체CC 괌 망길라오,몽키트래블,CCP (컨트리 클럽 오브 더 퍼시픽),2026-05-13,오전,,,,,,,,,168729.0,168397.0,167885.0,167509.0,167862.0,166631.0,167543.0,168238.0,,,,,,,,,,,,,,,,,,,
소노펠리체CC 괌 망길라오,몽키트래블,CCP (컨트리 클럽 오브 더 퍼시픽),2026-05-13,오후,,,,,,,,,168729.0,168397.0,167885.0,167509.0,167862.0,166631.0,167543.0,168238.0,,,,,,,,,,,,,,,,,,,
소노펠리체CC 괌 망길라오,몽키트래블,CCP (컨트리 클럽 오브 더 퍼시픽),2026-05-14,오전,,,,,,,,,,168397.0,167885.0,167509.0,167862.0,166631.0,167543.0,168238.0,170141.0,,,,,,,,,,,,,,,,,,
소노펠리체CC 괌 망길라오,몽키트래블,CCP (컨트리 클럽 오브 더 퍼시픽),2026-05-14,오후,,,,,,,,,,168397.0,167885.0,167509.0,167862.0,166631.0,167543.0,168238.0,170141.0,,,,,,,,,,,,,,,,,,
소노펠리체CC 괌 망길라오,몽키트래블,CCP (컨트리 클럽 오브 더 퍼시픽),2026-05-15,오전,,,,,,,,,,,167885.0,167509.0,167862.0,166631.0,167543.0,168238.0,170141.0,169742.0,,,,,,,,,,,,,,,,,
소노펠리체CC 괌 망길라오,몽키트래블,CCP (컨트리 클럽 오브 더 퍼시픽),2026-05-15,오후,,,,,,,,,,,167885.0,167509.0,167862.0,166631.0,167543.0,168238.0,170141.0,169742.0,,,,,,,,,,,,,,,,,
소노펠리체CC 괌 망길라오,몽키트래블,CCP (컨트리 클럽 오브 더 퍼시픽),2026-05-16,오전,,,,,,,,,,,,167509.0,167862.0,166631.0,167543.0,168238.0,170141.0,169742.0,170084.0,,,,,,,,,,,,,,,,
소노펠리체CC 괌 망길라오,몽키트래블,CCP (컨트리 클럽 오브 더 퍼시픽),2026-05-16,오후,,,,,,,,,,,,167509.0,167862.0,166631.0,167543.0,168238.0,170141.0,169742.0,170084.0,,,,,,,,,,,,,,,,
소노펠리체CC 괌 망길라오,몽키트래블,CCP (컨트리 클럽 오브 더 퍼시픽),2026-05-17,오전,,,,,,,,,,,,167509.0,167862.0,166631.0,167543.0,168238.0,170141.0,169742.0,170084.0,170825.0,,,,,,,,,,,,,,,
소노펠리체CC 괌 망길라오,몽키트래블,CCP (컨트리 클럽 오브 더 퍼시픽),2026-05-17,오후,,,,,,,,,,,,167509.0,167862.0,166631.0,167543.0,168238.0,170141.0,169742.0,170084.0,170825.0,,,,,,,,,,,,,,,
소노펠리체CC 괌 망길라오,몽키트래블,CCP (컨트리 클럽 오브 더 퍼시픽),2026-05-18,오전,,,,,,,,,,,,167509.0,167862.0,166631.0,167543.0,168238.0,170141.0,169742.0,170084.0,170825.0,170940.0,,,,,,,,,,,,,,
소노펠리체CC 괌 망길라오,몽키트래블,CCP (컨트리 클럽 오브 더 퍼시픽),2026-05-18,오후,,,,,,,,,,,,167509.0,167862.0,166631.0,167543.0,168238.0,170141.0,169742.0,170084.0,170825.0,170940.0,,,,,,,,,,,,,,
소노펠리체CC 괌 망길라오,몽키트래블,CCP (컨트리 클럽 오브 더 퍼시픽),2026-05-19,오전,,,,,,,,,,,,,167862.0,166631.0,167543.0,168238.0,170141.0,169742.0,170084.0,170825.0,170940.0,170882.0,,,,,,,,,,,,,
소노펠리체CC 괌 망길라오,몽키트래블,CCP (컨트리 클럽 오브 더 퍼시픽),2026-05-19,오후,,,,,,,,,,,,,167862.0,166631.0,167543.0,168238.0,170141.0,169742.0,170084.0,170825.0,170940.0,170882.0,,,,,,,,,,,,,
소노펠리체CC 괌 망길라오,몽키트래블,CCP (컨트리 클럽 오브 더 퍼시픽),2026-05-20,오전,,,,,,,,,,,,,,166631.0,167543.0,168238.0,170141.0,169742.0,170084.0,170825.0,170940.0,170882.0,170141.0,,,,,,,,,,,,
소노펠리체CC 괌 망길라오,몽키트래블,CCP (컨트리 클럽 오브 더 퍼시픽),2026-05-20,오후,,,,,,,,,,,,,,166631.0,167543.0,168238.0,170141.0,169742.0,170084.0,170825.0,170940.0,170882.0,170141.0,,,,,,,,,,,,
소노펠리체CC 괌 망길라오,몽키트래블,CCP (컨트리 클럽 오브 더 퍼시픽),2026-05-21,오전,,,,,,,,,,,,,,166631.0,167543.0,168238.0,170141.0,169742.0,170084.0,170825.0,170940.0,170882.0,170141.0,,,,,,,,,,,,
소노펠리체CC 괌 망길라오,몽키트래블,CCP (컨트리 클럽 오브 더 퍼시픽),2026-05-21,오후,,,,,,,,,,,,,,166631.0,167543.0,168238.0,170141.0,169742.0,170084.0,170825.0,170940.0,170882.0,170141.0,,,,,,,,,,,,
소노펠리체CC 괌 망길라오,몽키트래블,CCP (컨트리 클럽 오브 더 퍼시픽),2026-05-22,오전,,,,,,,,,,,,,,166631.0,167543.0,168238.0,170141.0,169742.0,170084.0,170825.0,170940.0,170882.0,170141.0,,,,,,,,,,,,
소노펠리체CC 괌 망길라오,몽키트래블,CCP (컨트리 클럽 오브 더 퍼시픽),2026-05-22,오후,,,,,,,,,,,,,,166631.0,167543.0,168238.0,170141.0,169742.0,170084.0,170825.0,170940.0,170882.0,170141.0,,,,,,,,,,,,
소노펠리체CC 괌 망길라오,몽키트래블,CCP (컨트리 클럽 오브 더 퍼시픽),2026-05-23,오전,,,,,,,,,,,,,,166631.0,167543.0,168238.0,170141.0,169742.0,170084.0,170825.0,170940.0,170882.0,170141.0,,,,,,,,,,,,
소노펠리체CC 괌 망길라오,몽키트래블,CCP (컨트리 클럽 오브 더 퍼시픽),2026-05-23,오후,,,,,,,,,,,,,,166631.0,167543.0,168238.0,170141.0,169742.0,170084.0,170825.0,170940.0,170882.0,170141.0,,,,,,,,,,,,
소노펠리체CC 괌 망길라오,몽키트래블,CCP (컨트리 클럽 오브 더 퍼시픽),2026-05-24,오전,,,,,,,,,,,,,,,167543.0,168238.0,170141.0,169742.0,170084.0,170825.0,170940.0,170882.0,170141.0,,,,,,,,,,,,
소노펠리체CC 괌 망길라오,몽키트래블,CCP (컨트리 클럽 오브 더 퍼시픽),2026-05-24,오후,,,,,,,,,,,,,,,167543.0,168238.0,170141.0,169742.0,170084.0,170825.0,170940.0,170882.0,170141.0,,,,,,,,,,,,
소노펠리체CC 괌 망길라오,몽키트래블,CCP (컨트리 클럽 오브 더 퍼시픽),2026-05-25,오전,,,,,,,,,,,,,,,167543.0,168238.0,170141.0,169742.0,170084.0,170825.0,170940.0,170882.0,170141.0,173104.0,,,,,,,,,,,
소노펠리체CC 괌 망길라오,몽키트래블,CCP (컨트리 클럽 오브 더 퍼시픽),2026-05-25,오후,,,,,,,,,,,,,,,167543.0,168238.0,170141.0,169742.0,170084.0,170825.0,170940.0,170882.0,170141.0,173104.0,,,,,,,,,,,
소노펠리체CC 괌 망길라오,몽키트래블,CCP (컨트리 클럽 오브 더 퍼시픽),2026-05-26,오전,,,,,,,,,,,,,,,,168238.0,170141.0,169742.0,170084.0,170825.0,170940.0,170882.0,170141.0,173104.0,172649.0,,,,,,,,,,
소노펠리체CC 괌 망길라오,몽키트래블,CCP (컨트리 클럽 오브 더 퍼시픽),2026-05-26,오후,,,,,,,,,,,,,,,,168238.0,170141.0,169742.0,170084.0,170825.0,170940.0,170882.0,170141.0,173104.0,172649.0,,,,,,,,,,
소노펠리체CC 괌 망길라오,몽키트래블,CCP (컨트리 클럽 오브 더 퍼시픽),2026-05-27,오전,,,,,,,,,,,,,,,,,170141.0,169742.0,170084.0,170825.0,170940.0,170882.0,170141.0,173104.0,172649.0,172477.0,,,,,,,,,
소노펠리체CC 괌 망길라오,몽키트래블,CCP (컨트리 클럽 오브 더 퍼시픽),2026-05-27,오후,,,,,,,,,,,,,,,,,170141.0,169742.0,170084.0,170825.0,170940.0,170882.0,170141.0,173104.0,172649.0,172477.0,,,,,,,,,
소노펠리체CC 괌 망길라오,몽키트래블,CCP (컨트리 클럽 오브 더 퍼시픽),2026-05-28,오전,,,,,,,,,,,,,,,,,,169742.0,170084.0,170825.0,170940.0,170882.0,170141.0,173104.0,172649.0,172477.0,171566.0,,,,,,,,
소노펠리체CC 괌 망길라오,몽키트래블,CCP (컨트리 클럽 오브 더 퍼시픽),2026-05-28,오후,,,,,,,,,,,,,,,,,,169742.0,170084.0,170825.0,170940.0,170882.0,170141.0,173104.0,172649.0,172477.0,171566.0,,,,,,,,
소노펠리체CC 괌 망길라오,몽키트래블,CCP (컨트리 클럽 오브 더 퍼시픽),2026-05-29,오전,,,,,,,,,,,,,,,,,,,170084.0,170825.0,170940.0,170882.0,170141.0,173104.0,172649.0,172477.0,171566.0,171224.0,,,,,,,
소노펠리체CC 괌 망길라오,몽키트래블,CCP (컨트리 클럽 오브 더 퍼시픽),2026-05-29,오후,,,,,,,,,,,,,,,,,,,170084.0,170825.0,170940.0,170882.0,170141.0,173104.0,172649.0,172477.0,171566.0,171224.0,,,,,,,
소노펠리체CC 괌 망길라오,몽키트래블,CCP (컨트리 클럽 오브 더 퍼시픽),2026-05-30,오전,,,,,,,,,,,,,,,,,,,,170825.0,170940.0,170882.0,170141.0,173104.0,172649.0,172477.0,171566.0,171224.0,170597.0,,,,,,
소노펠리체CC 괌 망길라오,몽키트래블,CCP (컨트리 클럽 오브 더 퍼시픽),2026-05-30,오후,,,,,,,,,,,,,,,,,,,,170825.0,170940.0,170882.0,170141.0,173104.0,172649.0,172477.0,171566.0,171224.0,170597.0,,,,,,
소노펠리체CC 괌 망길라오,몽키트래블,CCP (컨트리 클럽 오브 더 퍼시픽),2026-05-31,오전,,,,,,,,,,,,,,,,,,,,,170940.0,170882.0,170141.0,173104.0,172649.0,172477.0,171566.0,171224.0,170597.0,171737.0,,,,,
소노펠리체CC 괌 망길라오,몽키트래블,CCP (컨트리 클럽 오브 더 퍼시픽),2026-05-31,오후,,,,,,,,,,,,,,,,,,,,,170940.0,170882.0,170141.0,173104.0,172649.0,172477.0,171566.0,171224.0,170597.0,171737.0,,,,,
소노펠리체CC 괌 망길라오,몽키트래블,CCP (컨트리 클럽 오브 더 퍼시픽),2026-06-01,오전,,,,,,,,,,,,,,,,,,,,,,170882.0,170141.0,173104.0,172649.0,172477.0,171566.0,171224.0,170597.0,171737.0,171737.0,,,,
소노펠리체CC 괌 망길라오,몽키트래블,CCP (컨트리 클럽 오브 더 퍼시픽),2026-06-01,오후,,,,,,,,,,,,,,,,,,,,,,170882.0,170141.0,173104.0,172649.0,172477.0,171566.0,171224.0,170597.0,171737.0,171737.0,,,,
소노펠리체CC 괌 망길라오,몽키트래블,CCP (컨트리 클럽 오브 더 퍼시픽),2026-06-02,오전,,,,,,,,,,,,,,,,,,,,,,,170141.0,173104.0,172649.0,172477.0,171566.0,171224.0,170597.0,171737.0,171737.0,171794.0,,,
소노펠리체CC 괌 망길라오,몽키트래블,CCP (컨트리 클럽 오브 더 퍼시픽),2026-06-02,오후,,,,,,,,,,,,,,,,,,,,,,,170141.0,173104.0,172649.0,172477.0,171566.0,171224.0,170597.0,171737.0,171737.0,171794.0,,,
소노펠리체CC 괌 망길라오,몽키트래블,CCP (컨트리 클럽 오브 더 퍼시픽),2026-06-03,오전,,,,,,,,,,,,,,,,,,,,,,,,173104.0,172649.0,172477.0,171566.0,171224.0,170597.0,171737.0,171737.0,171794.0,172420.0,,
소노펠리체CC 괌 망길라오,몽키트래블,CCP (컨트리 클럽 오브 더 퍼시픽),2026-06-03,오후,,,,,,,,,,,,,,,,,,,,,,,,173104.0,172649.0,172477.0,171566.0,171224.0,170597.0,171737.0,171737.0,171794.0,172420.0,,
소노펠리체CC 괌 망길라오,몽키트래블,CCP (컨트리 클럽 오브 더 퍼시픽),2026-06-04,오전,,,,,,,,,,,,,,,,,,,,,,,,173104.0,172649.0,172477.0,171566.0,171224.0,170597.0,171737.0,171737.0,171794.0,172420.0,173219.0,
소노펠리체CC 괌 망길라오,몽키트래블,CCP (컨트리 클럽 오브 더 퍼시픽),2026-06-04,오후,,,,,,,,,,,,,,,,,,,,,,,,173104.0,172649.0,172477.0,171566.0,171224.0,170597.0,171737.0,171737.0,171794.0,172420.0,173219.0,
소노펠리체CC 괌 망길라오,몽키트래블,CCP (컨트리 클럽 오브 더 퍼시픽),2026-06-05,오전,,,,,,,,,,,,,,,,,,,,,,,,173104.0,172649.0,172477.0,171566.0,171224.0,170597.0,171737.0,171737.0,171794.0,172420.0,173219.0,174529.0
소노펠리체CC 괌 망길라오,몽키트래블,CCP (컨트리 클럽 오브 더 퍼시픽),2026-06-05,오후,,,,,,,,,,,,,,,,,,,,,,,,173104.0,172649.0,172477.0,171566.0,171224.0,170597.0,171737.0,171737.0,171794.0,172420.0,173219.0,174529.0
소노펠리체CC 괌 망길라오,몽키트래블,CCP (컨트리 클럽 오브 더 퍼시픽),2026-06-06,오전,,,,,,,,,,,,,,,,,,,,,,,,173104.0,172649.0,172477.0,171566.0,171224.0,170597.0,171737.0,171737.0,171794.0,172420.0,173219.0,174529.0
소노펠리체CC 괌 망길라오,몽키트래블,CCP (컨트리 클럽 오브 더 퍼시픽),2026-06-06,오후,,,,,,,,,,,,,,,,,,,,,,,,173104.0,172649.0,172477.0,171566.0,171224.0,170597.0,171737.0,171737.0,171794.0,172420.0,173219.0,174529.0
소노펠리체CC 괌 망길라오,몽키트래블,CCP (컨트리 클럽 오브 더 퍼시픽),2026-06-07,오전,,,,,,,,,,,,,,,,,,,,,,,,173104.0,172649.0,172477.0,171566.0,171224.0,170597.0,171737.0,171737.0,171794.0,172420.0,173219.0,174529.0
소노펠리체CC 괌 망길라오,몽키트래블,CCP (컨트리 클럽 오브 더 퍼시픽),2026-06-07,오후,,,,,,,,,,,,,,,,,,,,,,,,173104.0,172649.0,172477.0,171566.0,171224.0,170597.0,171737.0,171737.0,171794.0,172420.0,173219.0,174529.0
소노펠리체CC 괌 망길라오,몽키트래블,CCP (컨트리 클럽 오브 더 퍼시픽),2026-06-08,오전,,,,,,,,,,,,,,,,,,,,,,,,,172649.0,172477.0,171566.0,171224.0,170597.0,171737.0,171737.0,171794.0,172420.0,173219.0,174529.0
소노펠리체CC 괌 망길라오,몽키트래블,CCP (컨트리 클럽 오브 더 퍼시픽),2026-06-08,오후,,,,,,,,,,,,,,,,,,,,,,,,,172649.0,172477.0,171566.0,171224.0,170597.0,171737.0,171737.0,171794.0,172420.0,173219.0,174529.0
소노펠리체CC 괌 망길라오,몽키트래블,CCP (컨트리 클럽 오브 더 퍼시픽),2026-06-09,오전,,,,,,,,,,,,,,,,,,,,,,,,,,172477.0,171566.0,171224.0,170597.0,171737.0,171737.0,171794.0,172420.0,173219.0,174529.0
소노펠리체CC 괌 망길라오,몽키트래블,CCP (컨트리 클럽 오브 더 퍼시픽),2026-06-09,오후,,,,,,,,,,,,,,,,,,,,,,,,,,172477.0,171566.0,171224.0,170597.0,171737.0,171737.0,171794.0,172420.0,173219.0,174529.0
소노펠리체CC 괌 망길라오,몽키트래블,CCP (컨트리 클럽 오브 더 퍼시픽),2026-06-10,오전,,,,,,,,,,,,,,,,,,,,,,,,,,,171566.0,171224.0,170597.0,171737.0,171737.0,171794.0,172420.0,173219.0,174529.0
소노펠리체CC 괌 망길라오,몽키트래블,CCP (컨트리 클럽 오브 더 퍼시픽),2026-06-10,오후,,,,,,,,,,,,,,,,,,,,,,,,,,,171566.0,171224.0,170597.0,171737.0,171737.0,171794.0,172420.0,173219.0,174529.0
소노펠리체CC 괌 망길라오,몽키트래블,CCP (컨트리 클럽 오브 더 퍼시픽),2026-06-11,오전,,,,,,,,,,,,,,,,,,,,,,,,,,,,171224.0,170597.0,171737.0,171737.0,171794.0,172420.0,173219.0,174529.0
소노펠리체CC 괌 망길라오,몽키트래블,CCP (컨트리 클럽 오브 더 퍼시픽),2026-06-11,오후,,,,,,,,,,,,,,,,,,,,,,,,,,,,171224.0,170597.0,171737.0,171737.0,171794.0,172420.0,173219.0,174529.0
소노펠리체CC 괌 망길라오,몽키트래블,CCP (컨트리 클럽 오브 더 퍼시픽),2026-06-12,오전,,,,,,,,,,,,,,,,,,,,,,,,,,,,,170597.0,171737.0,171737.0,171794.0,172420.0,173219.0,174529.0
소노펠리체CC 괌 망길라오,몽키트래블,CCP (컨트리 클럽 오브 더 퍼시픽),2026-06-12,오후,,,,,,,,,,,,,,,,,,,,,,,,,,,,,170597.0,171737.0,171737.0,171794.0,172420.0,173219.0,174529.0
소노펠리체CC 괌 망길라오,몽키트래블,CCP (컨트리 클럽 오브 더 퍼시픽),2026-06-13,오전,,,,,,,,,,,,,,,,,,,,,,,,,,,,,,171737.0,171737.0,171794.0,172420.0,173219.0,174529.0
소노펠리체CC 괌 망길라오,몽키트래블,CCP (컨트리 클럽 오브 더 퍼시픽),2026-06-13,오후,,,,,,,,,,,,,,,,,,,,,,,,,,,,,,171737.0,171737.0,171794.0,172420.0,173219.0,174529.0
소노펠리체CC 괌 망길라오,몽키트래블,CCP (컨트리 클럽 오브 더 퍼시픽),2026-06-14,오전,,,,,,,,,,,,,,,,,,,,,,,,,,,,,,,171737.0,171794.0,172420.0,173219.0,174529.0
소노펠리체CC 괌 망길라오,몽키트래블,CCP (컨트리 클럽 오브 더 퍼시픽),2026-06-14,오후,,,,,,,,,,,,,,,,,,,,,,,,,,,,,,,171737.0,171794.0,172420.0,173219.0,174529.0
소노펠리체CC 괌 망길라오,몽키트래블,CCP (컨트리 클럽 오브 더 퍼시픽),2026-06-15,오전,,,,,,,,,,,,,,,,,,,,,,,,,,,,,,,,171794.0,172420.0,173219.0,174529.0
소노펠리체CC 괌 망길라오,몽키트래블,CCP (컨트리 클럽 오브 더 퍼시픽),2026-06-15,오후,,,,,,,,,,,,,,,,,,,,,,,,,,,,,,,,171794.0,172420.0,173219.0,174529.0
소노펠리체CC 괌 망길라오,몽키트래블,CCP (컨트리 클럽 오브 더 퍼시픽),2026-06-16,오전,,,,,,,,,,,,,,,,,,,,,,,,,,,,,,,,,172420.0,173219.0,174529.0
소노펠리체CC 괌 망길라오,몽키트래블,CCP (컨트리 클럽 오브 더 퍼시픽),2026-06-16,오후,,,,,,,,,,,,,,,,,,,,,,,,,,,,,,,,,172420.0,173219.0,174529.0
소노펠리체CC 괌 망길라오,몽키트래블,CCP (컨트리 클럽 오브 더 퍼시픽),2026-06-17,오전,,,,,,,,,,,,,,,,,,,,,,,,,,,,,,,,,,173219.0,174529.0
소노펠리체CC 괌 망길라오,몽키트래블,CCP (컨트리 클럽 오브 더 퍼시픽),2026-06-17,오후,,,,,,,,,,,,,,,,,,,,,,,,,,,,,,,,,,173219.0,174529.0
소노펠리체CC 괌 망길라오,몽키트래블,CCP (컨트리 클럽 오브 더 퍼시픽),2026-06-18,오전,,,,,,,,,,,,,,,,,,,,,,,,,,,,,,,,,,,174529.0
소노펠리체CC 괌 망길라오,몽키트래블,CCP (컨트리 클럽 오브 더 퍼시픽),2026-06-18,오후,,,,,,,,,,,,,,,,,,,,,,,,,,,,,,,,,,,174529.0
소노펠리체CC 괌 망길라오,몽키트래블,레오팔레스 리조트 CC,2026-04-19,오전,171750.0,,,,,,,,,,,,,,,,,,,,,,,,,,,,,,,,,,
소노펠리체CC 괌 망길라오,몽키트래블,레오팔레스 리조트 CC,2026-04-19,오후,171750.0,,,,,,,,,,,,,,,,,,,,,,,,,,,,,,,,,,
소노펠리체CC 괌 망길라오,몽키트래블,레오팔레스 리조트 CC,2026-04-20,오전,171750.0,,,,,,,,,,,,,,,,,,,,,,,,,,,,,,,,,,
소노펠리체CC 괌 망길라오,몽키트래블,레오팔레스 리조트 CC,2026-04-20,오후,171750.0,,,,,,,,,,,,,,,,,,,,,,,,,,,,,,,,,,
소노펠리체CC 괌 망길라오,몽키트래블,레오팔레스 리조트 CC,2026-04-21,오전,171750.0,172077.0,,,,,,,,,,,,,,,,,,,,,,,,,,,,,,,,,
소노펠리체CC 괌 망길라오,몽키트래블,레오팔레스 리조트 CC,2026-04-21,오후,171750.0,172077.0,,,,,,,,,,,,,,,,,,,,,,,,,,,,,,,,,
소노펠리체CC 괌 망길라오,몽키트래블,레오팔레스 리조트 CC,2026-04-22,오전,171750.0,172077.0,172019.0,,,,,,,,,,,,,,,,,,,,,,,,,,,,,,,,
소노펠리체CC 괌 망길라오,몽키트래블,레오팔레스 리조트 CC,2026-04-22,오후,171750.0,172077.0,172019.0,,,,,,,,,,,,,,,,,,,,,,,,,,,,,,,,
소노펠리체CC 괌 망길라오,몽키트래블,레오팔레스 리조트 CC,2026-04-23,오전,171750.0,172077.0,172019.0,172991.0,,,,,,,,,,,,,,,,,,,,,,,,,,,,,,,
소노펠리체CC 괌 망길라오,몽키트래블,레오팔레스 리조트 CC,2026-04-23,오후,171750.0,172077.0,172019.0,172991.0,,,,,,,,,,,,,,,,,,,,,,,,,,,,,,,
소노펠리체CC 괌 망길라오,몽키트래블,레오팔레스 리조트 CC,2026-04-24,오전,171750.0,172077.0,172019.0,172991.0,,,,,,,,,,,,,,,,,,,,,,,,,,,,,,,
소노펠리체CC 괌 망길라오,몽키트래블,레오팔레스 리조트 CC,2026-04-24,오후,171750.0,172077.0,172019.0,172991.0,,,,,,,,,,,,,,,,,,,,,,,,,,,,,,,
소노펠리체CC 괌 망길라오,몽키트래블,레오팔레스 리조트 CC,2026-04-25,오전,171750.0,172077.0,172019.0,172991.0,172955.0,,,,,,,,,,,,,,,,,,,,,,,,,,,,,,
소노펠리체CC 괌 망길라오,몽키트래블,레오팔레스 리조트 CC,2026-04-25,오후,171750.0,172077.0,172019.0,172991.0,172955.0,,,,,,,,,,,,,,,,,,,,,,,,,,,,,,
소노펠리체CC 괌 망길라오,몽키트래블,레오팔레스 리조트 CC,2026-04-26,오전,171750.0,172077.0,172019.0,172991.0,172955.0,,,,,,,,,,,,,,,,,,,,,,,,,,,,,,
소노펠리체CC 괌 망길라오,몽키트래블,레오팔레스 리조트 CC,2026-04-26,오후,171750.0,172077.0,172019.0,172991.0,172955.0,,,,,,,,,,,,,,,,,,,,,,,,,,,,,,
소노펠리체CC 괌 망길라오,몽키트래블,레오팔레스 리조트 CC,2026-04-27,오전,171750.0,172077.0,172019.0,172991.0,172955.0,172885.0,,,,,,,,,,,,,,,,,,,,,,,,,,,,,
소노펠리체CC 괌 망길라오,몽키트래블,레오팔레스 리조트 CC,2026-04-27,오후,171750.0,172077.0,172019.0,172991.0,172955.0,172885.0,,,,,,,,,,,,,,,,,,,,,,,,,,,,,
소노펠리체CC 괌 망길라오,몽키트래블,레오팔레스 리조트 CC,2026-04-28,오전,171750.0,172077.0,172019.0,172991.0,172955.0,172885.0,172242.0,,,,,,,,,,,,,,,,,,,,,,,,,,,,
소노펠리체CC 괌 망길라오,몽키트래블,레오팔레스 리조트 CC,2026-04-28,오후,171750.0,172077.0,172019.0,172991.0,172955.0,172885.0,172242.0,,,,,,,,,,,,,,,,,,,,,,,,,,,,
소노펠리체CC 괌 망길라오,몽키트래블,레오팔레스 리조트 CC,2026-04-29,오전,171750.0,172077.0,172019.0,172991.0,172955.0,172885.0,172242.0,172593.0,,,,,,,,,,,,,,,,,,,,,,,,,,,
소노펠리체CC 괌 망길라오,몽키트래블,레오팔레스 리조트 CC,2026-04-29,오후,171750.0,172077.0,172019.0,172991.0,172955.0,172885.0,172242.0,172593.0,,,,,,,,,,,,,,,,,,,,,,,,,,,
소노펠리체CC 괌 망길라오,몽키트래블,레오팔레스 리조트 CC,2026-04-30,오전,171750.0,172077.0,172019.0,172991.0,172955.0,172885.0,172242.0,172593.0,173248.0,,,,,,,,,,,,,,,,,,,,,,,,,,
소노펠리체CC 괌 망길라오,몽키트래블,레오팔레스 리조트 CC,2026-04-30,오후,171750.0,172077.0,172019.0,172991.0,172955.0,172885.0,172242.0,172593.0,173248.0,,,,,,,,,,,,,,,,,,,,,,,,,,
소노펠리체CC 괌 망길라오,몽키트래블,레오팔레스 리조트 CC,2026-05-01,오전,171750.0,172077.0,172019.0,172991.0,172955.0,172885.0,172242.0,172593.0,173248.0,172908.0,,,,,,,,,,,,,,,,,,,,,,,,,
소노펠리체CC 괌 망길라오,몽키트래블,레오팔레스 리조트 CC,2026-05-01,오후,171750.0,172077.0,172019.0,172991.0,172955.0,172885.0,172242.0,172593.0,173248.0,172908.0,,,,,,,,,,,,,,,,,,,,,,,,,
소노펠리체CC 괌 망길라오,몽키트래블,레오팔레스 리조트 CC,2026-05-02,오전,171750.0,172077.0,172019.0,172991.0,172955.0,172885.0,172242.0,172593.0,173248.0,172908.0,172382.0,,,,,,,,,,,,,,,,,,,,,,,,
소노펠리체CC 괌 망길라오,몽키트래블,레오팔레스 리조트 CC,2026-05-02,오후,171750.0,172077.0,172019.0,172991.0,172955.0,172885.0,172242.0,172593.0,173248.0,172908.0,172382.0,,,,,,,,,,,,,,,,,,,,,,,,
소노펠리체CC 괌 망길라오,몽키트래블,레오팔레스 리조트 CC,2026-05-03,오전,,172077.0,172019.0,172991.0,172955.0,172885.0,172242.0,172593.0,173248.0,172908.0,172382.0,,,,,,,,,,,,,,,,,,,,,,,,
소노펠리체CC 괌 망길라오,몽키트래블,레오팔레스 리조트 CC,2026-05-03,오후,,172077.0,172019.0,172991.0,172955.0,172885.0,172242.0,172593.0,173248.0,172908.0,172382.0,,,,,,,,,,,,,,,,,,,,,,,,
소노펠리체CC 괌 망길라오,몽키트래블,레오팔레스 리조트 CC,2026-05-04,오전,,172077.0,172019.0,172991.0,172955.0,172885.0,172242.0,172593.0,173248.0,172908.0,172382.0,,,,,,,,,,,,,,,,,,,,,,,,
소노펠리체CC 괌 망길라오,몽키트래블,레오팔레스 리조트 CC,2026-05-04,오후,,172077.0,172019.0,172991.0,172955.0,172885.0,172242.0,172593.0,173248.0,172908.0,172382.0,,,,,,,,,,,,,,,,,,,,,,,,
소노펠리체CC 괌 망길라오,몽키트래블,레오팔레스 리조트 CC,2026-05-05,오전,,,172019.0,172991.0,172955.0,172885.0,172242.0,172593.0,173248.0,172908.0,172382.0,171996.0,,,,,,,,,,,,,,,,,,,,,,,
소노펠리체CC 괌 망길라오,몽키트래블,레오팔레스 리조트 CC,2026-05-05,오후,,,172019.0,172991.0,172955.0,172885.0,172242.0,172593.0,173248.0,172908.0,172382.0,171996.0,,,,,,,,,,,,,,,,,,,,,,,
소노펠리체CC 괌 망길라오,몽키트래블,레오팔레스 리조트 CC,2026-05-06,오전,,,,172991.0,172955.0,172885.0,172242.0,172593.0,173248.0,172908.0,172382.0,171996.0,172358.0,,,,,,,,,,,,,,,,,,,,,,
소노펠리체CC 괌 망길라오,몽키트래블,레오팔레스 리조트 CC,2026-05-06,오후,,,,172991.0,172955.0,172885.0,172242.0,172593.0,173248.0,172908.0,172382.0,171996.0,172358.0,,,,,,,,,,,,,,,,,,,,,,
소노펠리체CC 괌 망길라오,몽키트래블,레오팔레스 리조트 CC,2026-05-07,오전,,,,,172955.0,172885.0,172242.0,172593.0,173248.0,172908.0,172382.0,171996.0,172358.0,,,,,,,,,,,,,,,,,,,,,,
소노펠리체CC 괌 망길라오,몽키트래블,레오팔레스 리조트 CC,2026-05-07,오후,,,,,172955.0,172885.0,172242.0,172593.0,173248.0,172908.0,172382.0,171996.0,172358.0,,,,,,,,,,,,,,,,,,,,,,
소노펠리체CC 괌 망길라오,몽키트래블,레오팔레스 리조트 CC,2026-05-08,오전,,,,,172955.0,172885.0,172242.0,172593.0,173248.0,172908.0,172382.0,171996.0,172358.0,,,,,,,,,,,,,,,,,,,,,,
소노펠리체CC 괌 망길라오,몽키트래블,레오팔레스 리조트 CC,2026-05-08,오후,,,,,172955.0,172885.0,172242.0,172593.0,173248.0,172908.0,172382.0,171996.0,172358.0,,,,,,,,,,,,,,,,,,,,,,
소노펠리체CC 괌 망길라오,몽키트래블,레오팔레스 리조트 CC,2026-05-09,오전,,,,,,172885.0,172242.0,172593.0,173248.0,172908.0,172382.0,171996.0,172358.0,,,,,,,,,,,,,,,,,,,,,,
소노펠리체CC 괌 망길라오,몽키트래블,레오팔레스 리조트 CC,2026-05-09,오후,,,,,,172885.0,172242.0,172593.0,173248.0,172908.0,172382.0,171996.0,172358.0,,,,,,,,,,,,,,,,,,,,,,
소노펠리체CC 괌 망길라오,몽키트래블,레오팔레스 리조트 CC,2026-05-10,오전,,,,,,172885.0,172242.0,172593.0,173248.0,172908.0,172382.0,171996.0,172358.0,171094.0,,,,,,,,,,,,,,,,,,,,,
소노펠리체CC 괌 망길라오,몽키트래블,레오팔레스 리조트 CC,2026-05-10,오후,,,,,,172885.0,172242.0,172593.0,173248.0,172908.0,172382.0,171996.0,172358.0,171094.0,,,,,,,,,,,,,,,,,,,,,
소노펠리체CC 괌 망길라오,몽키트래블,레오팔레스 리조트 CC,2026-05-11,오전,,,,,,,172242.0,172593.0,173248.0,172908.0,172382.0,171996.0,172358.0,171094.0,,,,,,,,,,,,,,,,,,,,,
소노펠리체CC 괌 망길라오,몽키트래블,레오팔레스 리조트 CC,2026-05-11,오후,,,,,,,172242.0,172593.0,173248.0,172908.0,172382.0,171996.0,172358.0,171094.0,,,,,,,,,,,,,,,,,,,,,
소노펠리체CC 괌 망길라오,몽키트래블,레오팔레스 리조트 CC,2026-05-12,오전,,,,,,,,172593.0,173248.0,172908.0,172382.0,171996.0,172358.0,171094.0,172030.0,,,,,,,,,,,,,,,,,,,,
소노펠리체CC 괌 망길라오,몽키트래블,레오팔레스 리조트 CC,2026-05-12,오후,,,,,,,,172593.0,173248.0,172908.0,172382.0,171996.0,172358.0,171094.0,172030.0,,,,,,,,,,,,,,,,,,,,
소노펠리체CC 괌 망길라오,몽키트래블,레오팔레스 리조트 CC,2026-05-13,오전,,,,,,,,,173248.0,172908.0,172382.0,171996.0,172358.0,171094.0,172030.0,172744.0,,,,,,,,,,,,,,,,,,,
소노펠리체CC 괌 망길라오,몽키트래블,레오팔레스 리조트 CC,2026-05-13,오후,,,,,,,,,173248.0,172908.0,172382.0,171996.0,172358.0,171094.0,172030.0,172744.0,,,,,,,,,,,,,,,,,,,
소노펠리체CC 괌 망길라오,몽키트래블,레오팔레스 리조트 CC,2026-05-14,오전,,,,,,,,,,172908.0,172382.0,171996.0,172358.0,171094.0,172030.0,172744.0,174698.0,,,,,,,,,,,,,,,,,,
소노펠리체CC 괌 망길라오,몽키트래블,레오팔레스 리조트 CC,2026-05-14,오후,,,,,,,,,,172908.0,172382.0,171996.0,172358.0,171094.0,172030.0,172744.0,174698.0,,,,,,,,,,,,,,,,,,
소노펠리체CC 괌 망길라오,몽키트래블,레오팔레스 리조트 CC,2026-05-15,오전,,,,,,,,,,,172382.0,171996.0,172358.0,171094.0,172030.0,172744.0,174698.0,174289.0,,,,,,,,,,,,,,,,,
소노펠리체CC 괌 망길라오,몽키트래블,레오팔레스 리조트 CC,2026-05-15,오후,,,,,,,,,,,172382.0,171996.0,172358.0,171094.0,172030.0,172744.0,174698.0,174289.0,,,,,,,,,,,,,,,,,
소노펠리체CC 괌 망길라오,몽키트래블,레오팔레스 리조트 CC,2026-05-16,오전,,,,,,,,,,,,171996.0,172358.0,171094.0,172030.0,172744.0,174698.0,174289.0,174640.0,,,,,,,,,,,,,,,,
소노펠리체CC 괌 망길라오,몽키트래블,레오팔레스 리조트 CC,2026-05-16,오후,,,,,,,,,,,,171996.0,172358.0,171094.0,172030.0,172744.0,174698.0,174289.0,174640.0,,,,,,,,,,,,,,,,
소노펠리체CC 괌 망길라오,몽키트래블,레오팔레스 리조트 CC,2026-05-17,오전,,,,,,,,,,,,171996.0,172358.0,171094.0,172030.0,172744.0,174698.0,174289.0,174640.0,175401.0,,,,,,,,,,,,,,,
소노펠리체CC 괌 망길라오,몽키트래블,레오팔레스 리조트 CC,2026-05-17,오후,,,,,,,,,,,,171996.0,172358.0,171094.0,172030.0,172744.0,174698.0,174289.0,174640.0,175401.0,,,,,,,,,,,,,,,
소노펠리체CC 괌 망길라오,몽키트래블,레오팔레스 리조트 CC,2026-05-18,오전,,,,,,,,,,,,171996.0,172358.0,171094.0,172030.0,172744.0,174698.0,174289.0,174640.0,175401.0,175518.0,,,,,,,,,,,,,,
소노펠리체CC 괌 망길라오,몽키트래블,레오팔레스 리조트 CC,2026-05-18,오후,,,,,,,,,,,,171996.0,172358.0,171094.0,172030.0,172744.0,174698.0,174289.0,174640.0,175401.0,175518.0,,,,,,,,,,,,,,
소노펠리체CC 괌 망길라오,몽키트래블,레오팔레스 리조트 CC,2026-05-19,오전,,,,,,,,,,,,,172358.0,171094.0,172030.0,172744.0,174698.0,174289.0,174640.0,175401.0,175518.0,175460.0,,,,,,,,,,,,,
소노펠리체CC 괌 망길라오,몽키트래블,레오팔레스 리조트 CC,2026-05-19,오후,,,,,,,,,,,,,172358.0,171094.0,172030.0,172744.0,174698.0,174289.0,174640.0,175401.0,175518.0,175460.0,,,,,,,,,,,,,
소노펠리체CC 괌 망길라오,몽키트래블,레오팔레스 리조트 CC,2026-05-20,오전,,,,,,,,,,,,,,171094.0,172030.0,172744.0,174698.0,174289.0,174640.0,175401.0,175518.0,175460.0,174698.0,,,,,,,,,,,,
소노펠리체CC 괌 망길라오,몽키트래블,레오팔레스 리조트 CC,2026-05-20,오후,,,,,,,,,,,,,,171094.0,172030.0,172744.0,174698.0,174289.0,174640.0,175401.0,175518.0,175460.0,174698.0,,,,,,,,,,,,
소노펠리체CC 괌 망길라오,몽키트래블,레오팔레스 리조트 CC,2026-05-21,오전,,,,,,,,,,,,,,171094.0,172030.0,172744.0,174698.0,174289.0,174640.0,175401.0,175518.0,175460.0,174698.0,,,,,,,,,,,,
소노펠리체CC 괌 망길라오,몽키트래블,레오팔레스 리조트 CC,2026-05-21,오후,,,,,,,,,,,,,,171094.0,172030.0,172744.0,174698.0,174289.0,174640.0,175401.0,175518.0,175460.0,174698.0,,,,,,,,,,,,
소노펠리체CC 괌 망길라오,몽키트래블,레오팔레스 리조트 CC,2026-05-22,오전,,,,,,,,,,,,,,171094.0,172030.0,172744.0,174698.0,174289.0,174640.0,175401.0,175518.0,175460.0,174698.0,,,,,,,,,,,,
소노펠리체CC 괌 망길라오,몽키트래블,레오팔레스 리조트 CC,2026-05-22,오후,,,,,,,,,,,,,,171094.0,172030.0,172744.0,174698.0,174289.0,174640.0,175401.0,175518.0,175460.0,174698.0,,,,,,,,,,,,
소노펠리체CC 괌 망길라오,몽키트래블,레오팔레스 리조트 CC,2026-05-23,오전,,,,,,,,,,,,,,171094.0,172030.0,172744.0,174698.0,174289.0,174640.0,175401.0,175518.0,175460.0,174698.0,,,,,,,,,,,,
소노펠리체CC 괌 망길라오,몽키트래블,레오팔레스 리조트 CC,2026-05-23,오후,,,,,,,,,,,,,,171094.0,172030.0,172744.0,174698.0,174289.0,174640.0,175401.0,175518.0,175460.0,174698.0,,,,,,,,,,,,
소노펠리체CC 괌 망길라오,몽키트래블,레오팔레스 리조트 CC,2026-05-24,오전,,,,,,,,,,,,,,,172030.0,172744.0,174698.0,174289.0,174640.0,175401.0,175518.0,175460.0,174698.0,,,,,,,,,,,,
소노펠리체CC 괌 망길라오,몽키트래블,레오팔레스 리조트 CC,2026-05-24,오후,,,,,,,,,,,,,,,172030.0,172744.0,174698.0,174289.0,174640.0,175401.0,175518.0,175460.0,174698.0,,,,,,,,,,,,
소노펠리체CC 괌 망길라오,몽키트래블,레오팔레스 리조트 CC,2026-05-25,오전,,,,,,,,,,,,,,,172030.0,172744.0,174698.0,174289.0,174640.0,175401.0,175518.0,175460.0,174698.0,177741.0,,,,,,,,,,,
소노펠리체CC 괌 망길라오,몽키트래블,레오팔레스 리조트 CC,2026-05-25,오후,,,,,,,,,,,,,,,172030.0,172744.0,174698.0,174289.0,174640.0,175401.0,175518.0,175460.0,174698.0,177741.0,,,,,,,,,,,
소노펠리체CC 괌 망길라오,몽키트래블,레오팔레스 리조트 CC,2026-05-26,오전,,,,,,,,,,,,,,,,172744.0,174698.0,174289.0,174640.0,175401.0,175518.0,175460.0,174698.0,177741.0,177273.0,,,,,,,,,,
소노펠리체CC 괌 망길라오,몽키트래블,레오팔레스 리조트 CC,2026-05-26,오후,,,,,,,,,,,,,,,,172744.0,174698.0,174289.0,174640.0,175401.0,175518.0,175460.0,174698.0,177741.0,177273.0,,,,,,,,,,
소노펠리체CC 괌 망길라오,몽키트래블,레오팔레스 리조트 CC,2026-05-27,오전,,,,,,,,,,,,,,,,,174698.0,174289.0,174640.0,175401.0,175518.0,175460.0,174698.0,177741.0,177273.0,177097.0,,,,,,,,,
소노펠리체CC 괌 망길라오,몽키트래블,레오팔레스 리조트 CC,2026-05-27,오후,,,,,,,,,,,,,,,,,174698.0,174289.0,174640.0,175401.0,175518.0,175460.0,174698.0,177741.0,177273.0,177097.0,,,,,,,,,
소노펠리체CC 괌 망길라오,몽키트래블,레오팔레스 리조트 CC,2026-05-28,오전,,,,,,,,,,,,,,,,,,174289.0,174640.0,175401.0,175518.0,175460.0,174698.0,177741.0,177273.0,177097.0,176161.0,,,,,,,,
소노펠리체CC 괌 망길라오,몽키트래블,레오팔레스 리조트 CC,2026-05-28,오후,,,,,,,,,,,,,,,,,,174289.0,174640.0,175401.0,175518.0,175460.0,174698.0,177741.0,177273.0,177097.0,176161.0,,,,,,,,
소노펠리체CC 괌 망길라오,몽키트래블,레오팔레스 리조트 CC,2026-05-29,오전,,,,,,,,,,,,,,,,,,,174640.0,175401.0,175518.0,175460.0,174698.0,177741.0,177273.0,177097.0,176161.0,175810.0,,,,,,,
소노펠리체CC 괌 망길라오,몽키트래블,레오팔레스 리조트 CC,2026-05-29,오후,,,,,,,,,,,,,,,,,,,174640.0,175401.0,175518.0,175460.0,174698.0,177741.0,177273.0,177097.0,176161.0,175810.0,,,,,,,
소노펠리체CC 괌 망길라오,몽키트래블,레오팔레스 리조트 CC,2026-05-30,오전,,,,,,,,,,,,,,,,,,,,175401.0,175518.0,175460.0,174698.0,177741.0,177273.0,177097.0,176161.0,175810.0,175166.0,,,,,,
소노펠리체CC 괌 망길라오,몽키트래블,레오팔레스 리조트 CC,2026-05-30,오후,,,,,,,,,,,,,,,,,,,,175401.0,175518.0,175460.0,174698.0,177741.0,177273.0,177097.0,176161.0,175810.0,175166.0,,,,,,
소노펠리체CC 괌 망길라오,몽키트래블,레오팔레스 리조트 CC,2026-05-31,오전,,,,,,,,,,,,,,,,,,,,,175518.0,175460.0,174698.0,177741.0,177273.0,177097.0,176161.0,175810.0,175166.0,176337.0,,,,,
소노펠리체CC 괌 망길라오,몽키트래블,레오팔레스 리조트 CC,2026-05-31,오후,,,,,,,,,,,,,,,,,,,,,175518.0,175460.0,174698.0,177741.0,177273.0,177097.0,176161.0,175810.0,175166.0,176337.0,,,,,
소노펠리체CC 괌 망길라오,몽키트래블,레오팔레스 리조트 CC,2026-06-01,오전,,,,,,,,,,,,,,,,,,,,,,175460.0,174698.0,177741.0,177273.0,177097.0,176161.0,175810.0,175166.0,176337.0,176337.0,,,,
소노펠리체CC 괌 망길라오,몽키트래블,레오팔레스 리조트 CC,2026-06-01,오후,,,,,,,,,,,,,,,,,,,,,,175460.0,174698.0,177741.0,177273.0,177097.0,176161.0,175810.0,175166.0,176337.0,176337.0,,,,
소노펠리체CC 괌 망길라오,몽키트래블,레오팔레스 리조트 CC,2026-06-02,오전,,,,,,,,,,,,,,,,,,,,,,,174698.0,177741.0,177273.0,177097.0,176161.0,175810.0,175166.0,176337.0,176337.0,176396.0,,,
소노펠리체CC 괌 망길라오,몽키트래블,레오팔레스 리조트 CC,2026-06-02,오후,,,,,,,,,,,,,,,,,,,,,,,174698.0,177741.0,177273.0,177097.0,176161.0,175810.0,175166.0,176337.0,176337.0,176396.0,,,
소노펠리체CC 괌 망길라오,몽키트래블,레오팔레스 리조트 CC,2026-06-03,오전,,,,,,,,,,,,,,,,,,,,,,,,177741.0,177273.0,177097.0,176161.0,175810.0,175166.0,176337.0,176337.0,176396.0,177039.0,,
소노펠리체CC 괌 망길라오,몽키트래블,레오팔레스 리조트 CC,2026-06-03,오후,,,,,,,,,,,,,,,,,,,,,,,,177741.0,177273.0,177097.0,176161.0,175810.0,175166.0,176337.0,176337.0,176396.0,177039.0,,
소노펠리체CC 괌 망길라오,몽키트래블,레오팔레스 리조트 CC,2026-06-04,오전,,,,,,,,,,,,,,,,,,,,,,,,177741.0,177273.0,177097.0,176161.0,175810.0,175166.0,176337.0,176337.0,176396.0,177039.0,177859.0,
소노펠리체CC 괌 망길라오,몽키트래블,레오팔레스 리조트 CC,2026-06-04,오후,,,,,,,,,,,,,,,,,,,,,,,,177741.0,177273.0,177097.0,176161.0,175810.0,175166.0,176337.0,176337.0,176396.0,177039.0,177859.0,
소노펠리체CC 괌 망길라오,몽키트래블,레오팔레스 리조트 CC,2026-06-05,오전,,,,,,,,,,,,,,,,,,,,,,,,177741.0,177273.0,177097.0,176161.0,175810.0,175166.0,176337.0,176337.0,176396.0,177039.0,177859.0,179204.0
소노펠리체CC 괌 망길라오,몽키트래블,레오팔레스 리조트 CC,2026-06-05,오후,,,,,,,,,,,,,,,,,,,,,,,,177741.0,177273.0,177097.0,176161.0,175810.0,175166.0,176337.0,176337.0,176396.0,177039.0,177859.0,179204.0
소노펠리체CC 괌 망길라오,몽키트래블,레오팔레스 리조트 CC,2026-06-06,오전,,,,,,,,,,,,,,,,,,,,,,,,177741.0,177273.0,177097.0,176161.0,175810.0,175166.0,176337.0,176337.0,176396.0,177039.0,177859.0,179204.0
소노펠리체CC 괌 망길라오,몽키트래블,레오팔레스 리조트 CC,2026-06-06,오후,,,,,,,,,,,,,,,,,,,,,,,,177741.0,177273.0,177097.0,176161.0,175810.0,175166.0,176337.0,176337.0,176396.0,177039.0,177859.0,179204.0
소노펠리체CC 괌 망길라오,몽키트래블,레오팔레스 리조트 CC,2026-06-07,오전,,,,,,,,,,,,,,,,,,,,,,,,177741.0,177273.0,177097.0,176161.0,175810.0,175166.0,176337.0,176337.0,176396.0,177039.0,177859.0,179204.0
소노펠리체CC 괌 망길라오,몽키트래블,레오팔레스 리조트 CC,2026-06-07,오후,,,,,,,,,,,,,,,,,,,,,,,,177741.0,177273.0,177097.0,176161.0,175810.0,175166.0,176337.0,176337.0,176396.0,177039.0,177859.0,179204.0
소노펠리체CC 괌 망길라오,몽키트래블,레오팔레스 리조트 CC,2026-06-08,오전,,,,,,,,,,,,,,,,,,,,,,,,,177273.0,177097.0,176161.0,175810.0,175166.0,176337.0,176337.0,176396.0,177039.0,177859.0,179204.0
소노펠리체CC 괌 망길라오,몽키트래블,레오팔레스 리조트 CC,2026-06-08,오후,,,,,,,,,,,,,,,,,,,,,,,,,177273.0,177097.0,176161.0,175810.0,175166.0,176337.0,176337.0,176396.0,177039.0,177859.0,179204.0
소노펠리체CC 괌 망길라오,몽키트래블,레오팔레스 리조트 CC,2026-06-09,오전,,,,,,,,,,,,,,,,,,,,,,,,,,177097.0,176161.0,175810.0,175166.0,176337.0,176337.0,176396.0,177039.0,177859.0,179204.0
소노펠리체CC 괌 망길라오,몽키트래블,레오팔레스 리조트 CC,2026-06-09,오후,,,,,,,,,,,,,,,,,,,,,,,,,,177097.0,176161.0,175810.0,175166.0,176337.0,176337.0,176396.0,177039.0,177859.0,179204.0
소노펠리체CC 괌 망길라오,몽키트래블,레오팔레스 리조트 CC,2026-06-10,오전,,,,,,,,,,,,,,,,,,,,,,,,,,,176161.0,175810.0,175166.0,176337.0,176337.0,176396.0,177039.0,177859.0,179204.0
소노펠리체CC 괌 망길라오,몽키트래블,레오팔레스 리조트 CC,2026-06-10,오후,,,,,,,,,,,,,,,,,,,,,,,,,,,176161.0,175810.0,175166.0,176337.0,176337.0,176396.0,177039.0,177859.0,179204.0
소노펠리체CC 괌 망길라오,몽키트래블,레오팔레스 리조트 CC,2026-06-11,오전,,,,,,,,,,,,,,,,,,,,,,,,,,,,175810.0,175166.0,176337.0,176337.0,176396.0,177039.0,177859.0,179204.0
소노펠리체CC 괌 망길라오,몽키트래블,레오팔레스 리조트 CC,2026-06-11,오후,,,,,,,,,,,,,,,,,,,,,,,,,,,,175810.0,175166.0,176337.0,176337.0,176396.0,177039.0,177859.0,179204.0
소노펠리체CC 괌 망길라오,몽키트래블,레오팔레스 리조트 CC,2026-06-12,오전,,,,,,,,,,,,,,,,,,,,,,,,,,,,,175166.0,176337.0,176337.0,176396.0,177039.0,177859.0,179204.0
소노펠리체CC 괌 망길라오,몽키트래블,레오팔레스 리조트 CC,2026-06-12,오후,,,,,,,,,,,,,,,,,,,,,,,,,,,,,175166.0,176337.0,176337.0,176396.0,177039.0,177859.0,179204.0
소노펠리체CC 괌 망길라오,몽키트래블,레오팔레스 리조트 CC,2026-06-13,오전,,,,,,,,,,,,,,,,,,,,,,,,,,,,,,176337.0,176337.0,176396.0,177039.0,177859.0,179204.0
소노펠리체CC 괌 망길라오,몽키트래블,레오팔레스 리조트 CC,2026-06-13,오후,,,,,,,,,,,,,,,,,,,,,,,,,,,,,,176337.0,176337.0,176396.0,177039.0,177859.0,179204.0
소노펠리체CC 괌 망길라오,몽키트래블,레오팔레스 리조트 CC,2026-06-14,오전,,,,,,,,,,,,,,,,,,,,,,,,,,,,,,,176337.0,176396.0,177039.0,177859.0,179204.0
소노펠리체CC 괌 망길라오,몽키트래블,레오팔레스 리조트 CC,2026-06-14,오후,,,,,,,,,,,,,,,,,,,,,,,,,,,,,,,176337.0,176396.0,177039.0,177859.0,179204.0
소노펠리체CC 괌 망길라오,몽키트래블,레오팔레스 리조트 CC,2026-06-15,오전,,,,,,,,,,,,,,,,,,,,,,,,,,,,,,,,176396.0,177039.0,177859.0,179204.0
소노펠리체CC 괌 망길라오,몽키트래블,레오팔레스 리조트 CC,2026-06-15,오후,,,,,,,,,,,,,,,,,,,,,,,,,,,,,,,,176396.0,177039.0,177859.0,179204.0
소노펠리체CC 괌 망길라오,몽키트래블,레오팔레스 리조트 CC,2026-06-16,오전,,,,,,,,,,,,,,,,,,,,,,,,,,,,,,,,,177039.0,177859.0,179204.0
소노펠리체CC 괌 망길라오,몽키트래블,레오팔레스 리조트 CC,2026-06-16,오후,,,,,,,,,,,,,,,,,,,,,,,,,,,,,,,,,177039.0,177859.0,179204.0
소노펠리체CC 괌 망길라오,몽키트래블,레오팔레스 리조트 CC,2026-06-17,오전,,,,,,,,,,,,,,,,,,,,,,,,,,,,,,,,,,177859.0,179204.0
소노펠리체CC 괌 망길라오,몽키트래블,레오팔레스 리조트 CC,2026-06-17,오후,,,,,,,,,,,,,,,,,,,,,,,,,,,,,,,,,,177859.0,179204.0
소노펠리체CC 괌 망길라오,몽키트래블,레오팔레스 리조트 CC,2026-06-18,오전,,,,,,,,,,,,,,,,,,,,,,,,,,,,,,,,,,,179204.0
소노펠리체CC 괌 망길라오,몽키트래블,레오팔레스 리조트 CC,2026-06-18,오후,,,,,,,,,,,,,,,,,,,,,,,,,,,,,,,,,,,179204.0
소노펠리체CC 괌 망길라오,몽키트래블,망길라오 골프 클럽,2026-04-19,오전,276293.0,,,,,,,,,,,,,,,,,,,,,,,,,,,,,,,,,,
소노펠리체CC 괌 망길라오,몽키트래블,망길라오 골프 클럽,2026-04-19,오후,276293.0,,,,,,,,,,,,,,,,,,,,,,,,,,,,,,,,,,
소노펠리체CC 괌 망길라오,몽키트래블,망길라오 골프 클럽,2026-04-20,오전,276293.0,,,,,,,,,,,,,,,,,,,,,,,,,,,,,,,,,,
소노펠리체CC 괌 망길라오,몽키트래블,망길라오 골프 클럽,2026-04-20,오후,276293.0,,,,,,,,,,,,,,,,,,,,,,,,,,,,,,,,,,
소노펠리체CC 괌 망길라오,몽키트래블,망길라오 골프 클럽,2026-04-21,오전,276293.0,276821.0,,,,,,,,,,,,,,,,,,,,,,,,,,,,,,,,,
소노펠리체CC 괌 망길라오,몽키트래블,망길라오 골프 클럽,2026-04-21,오후,276293.0,276821.0,,,,,,,,,,,,,,,,,,,,,,,,,,,,,,,,,
소노펠리체CC 괌 망길라오,몽키트래블,망길라오 골프 클럽,2026-04-22,오전,276293.0,276821.0,276726.0,,,,,,,,,,,,,,,,,,,,,,,,,,,,,,,,
소노펠리체CC 괌 망길라오,몽키트래블,망길라오 골프 클럽,2026-04-22,오후,276293.0,276821.0,276726.0,,,,,,,,,,,,,,,,,,,,,,,,,,,,,,,,
소노펠리체CC 괌 망길라오,몽키트래블,망길라오 골프 클럽,2026-04-23,오전,276293.0,276821.0,276726.0,278289.0,,,,,,,,,,,,,,,,,,,,,,,,,,,,,,,
소노펠리체CC 괌 망길라오,몽키트래블,망길라오 골프 클럽,2026-04-23,오후,276293.0,276821.0,276726.0,278289.0,,,,,,,,,,,,,,,,,,,,,,,,,,,,,,,
소노펠리체CC 괌 망길라오,몽키트래블,망길라오 골프 클럽,2026-04-24,오전,276293.0,276821.0,276726.0,278289.0,,,,,,,,,,,,,,,,,,,,,,,,,,,,,,,
소노펠리체CC 괌 망길라오,몽키트래블,망길라오 골프 클럽,2026-04-24,오후,276293.0,276821.0,276726.0,278289.0,,,,,,,,,,,,,,,,,,,,,,,,,,,,,,,
소노펠리체CC 괌 망길라오,몽키트래블,망길라오 골프 클럽,2026-04-25,오전,276293.0,276821.0,276726.0,278289.0,278232.0,,,,,,,,,,,,,,,,,,,,,,,,,,,,,,
소노펠리체CC 괌 망길라오,몽키트래블,망길라오 골프 클럽,2026-04-25,오후,276293.0,276821.0,276726.0,278289.0,278232.0,,,,,,,,,,,,,,,,,,,,,,,,,,,,,,
소노펠리체CC 괌 망길라오,몽키트래블,망길라오 골프 클럽,2026-04-26,오전,276293.0,276821.0,276726.0,278289.0,278232.0,,,,,,,,,,,,,,,,,,,,,,,,,,,,,,
소노펠리체CC 괌 망길라오,몽키트래블,망길라오 골프 클럽,2026-04-26,오후,276293.0,276821.0,276726.0,278289.0,278232.0,,,,,,,,,,,,,,,,,,,,,,,,,,,,,,
소노펠리체CC 괌 망길라오,몽키트래블,망길라오 골프 클럽,2026-04-27,오전,276293.0,276821.0,276726.0,278289.0,278232.0,278119.0,,,,,,,,,,,,,,,,,,,,,,,,,,,,,
소노펠리체CC 괌 망길라오,몽키트래블,망길라오 골프 클럽,2026-04-27,오후,276293.0,276821.0,276726.0,278289.0,278232.0,278119.0,,,,,,,,,,,,,,,,,,,,,,,,,,,,,
소노펠리체CC 괌 망길라오,몽키트래블,망길라오 골프 클럽,2026-04-28,오전,276293.0,276821.0,276726.0,278289.0,278232.0,278119.0,277085.0,,,,,,,,,,,,,,,,,,,,,,,,,,,,
소노펠리체CC 괌 망길라오,몽키트래블,망길라오 골프 클럽,2026-04-28,오후,276293.0,276821.0,276726.0,278289.0,278232.0,278119.0,277085.0,,,,,,,,,,,,,,,,,,,,,,,,,,,,
소노펠리체CC 괌 망길라오,몽키트래블,망길라오 골프 클럽,2026-04-29,오전,276293.0,276821.0,276726.0,278289.0,278232.0,278119.0,277085.0,277649.0,,,,,,,,,,,,,,,,,,,,,,,,,,,
소노펠리체CC 괌 망길라오,몽키트래블,망길라오 골프 클럽,2026-04-29,오후,276293.0,276821.0,276726.0,278289.0,278232.0,278119.0,277085.0,277649.0,,,,,,,,,,,,,,,,,,,,,,,,,,,
소노펠리체CC 괌 망길라오,몽키트래블,망길라오 골프 클럽,2026-04-30,오전,276293.0,276821.0,276726.0,278289.0,278232.0,278119.0,277085.0,277649.0,278704.0,,,,,,,,,,,,,,,,,,,,,,,,,,
소노펠리체CC 괌 망길라오,몽키트래블,망길라오 골프 클럽,2026-04-30,오후,276293.0,276821.0,276726.0,278289.0,278232.0,278119.0,277085.0,277649.0,278704.0,,,,,,,,,,,,,,,,,,,,,,,,,,
소노펠리체CC 괌 망길라오,몽키트래블,망길라오 골프 클럽,2026-05-01,오전,276293.0,276821.0,276726.0,278289.0,278232.0,278119.0,277085.0,277649.0,278704.0,278156.0,,,,,,,,,,,,,,,,,,,,,,,,,
소노펠리체CC 괌 망길라오,몽키트래블,망길라오 골프 클럽,2026-05-01,오후,276293.0,276821.0,276726.0,278289.0,278232.0,278119.0,277085.0,277649.0,278704.0,278156.0,,,,,,,,,,,,,,,,,,,,,,,,,
소노펠리체CC 괌 망길라오,몽키트래블,망길라오 골프 클럽,2026-05-02,오전,276293.0,276821.0,276726.0,278289.0,278232.0,278119.0,277085.0,277649.0,278704.0,278156.0,277311.0,,,,,,,,,,,,,,,,,,,,,,,,
소노펠리체CC 괌 망길라오,몽키트래블,망길라오 골프 클럽,2026-05-02,오후,276293.0,276821.0,276726.0,278289.0,278232.0,278119.0,277085.0,277649.0,278704.0,278156.0,277311.0,,,,,,,,,,,,,,,,,,,,,,,,
소노펠리체CC 괌 망길라오,몽키트래블,망길라오 골프 클럽,2026-05-03,오전,,276821.0,276726.0,278289.0,278232.0,278119.0,277085.0,277649.0,278704.0,278156.0,277311.0,,,,,,,,,,,,,,,,,,,,,,,,
소노펠리체CC 괌 망길라오,몽키트래블,망길라오 골프 클럽,2026-05-03,오후,,276821.0,276726.0,278289.0,278232.0,278119.0,277085.0,277649.0,278704.0,278156.0,277311.0,,,,,,,,,,,,,,,,,,,,,,,,
소노펠리체CC 괌 망길라오,몽키트래블,망길라오 골프 클럽,2026-05-04,오전,,276821.0,276726.0,278289.0,278232.0,278119.0,277085.0,277649.0,278704.0,278156.0,277311.0,,,,,,,,,,,,,,,,,,,,,,,,
소노펠리체CC 괌 망길라오,몽키트래블,망길라오 골프 클럽,2026-05-04,오후,,276821.0,276726.0,278289.0,278232.0,278119.0,277085.0,277649.0,278704.0,278156.0,277311.0,,,,,,,,,,,,,,,,,,,,,,,,
소노펠리체CC 괌 망길라오,몽키트래블,망길라오 골프 클럽,2026-05-05,오전,,,276726.0,278289.0,278232.0,278119.0,277085.0,277649.0,278704.0,278156.0,277311.0,276689.0,,,,,,,,,,,,,,,,,,,,,,,
소노펠리체CC 괌 망길라오,몽키트래블,망길라오 골프 클럽,2026-05-05,오후,,,276726.0,278289.0,278232.0,278119.0,277085.0,277649.0,278704.0,278156.0,277311.0,276689.0,,,,,,,,,,,,,,,,,,,,,,,
소노펠리체CC 괌 망길라오,몽키트래블,망길라오 골프 클럽,2026-05-06,오전,,,,278289.0,278232.0,278119.0,277085.0,277649.0,278704.0,278156.0,277311.0,276689.0,277272.0,,,,,,,,,,,,,,,,,,,,,,
소노펠리체CC 괌 망길라오,몽키트래블,망길라오 골프 클럽,2026-05-06,오후,,,,278289.0,278232.0,278119.0,277085.0,277649.0,278704.0,278156.0,277311.0,276689.0,277272.0,,,,,,,,,,,,,,,,,,,,,,
소노펠리체CC 괌 망길라오,몽키트래블,망길라오 골프 클럽,2026-05-07,오전,,,,,278232.0,278119.0,277085.0,277649.0,278704.0,278156.0,277311.0,276689.0,277272.0,,,,,,,,,,,,,,,,,,,,,,
소노펠리체CC 괌 망길라오,몽키트래블,망길라오 골프 클럽,2026-05-07,오후,,,,,278232.0,278119.0,277085.0,277649.0,278704.0,278156.0,277311.0,276689.0,277272.0,,,,,,,,,,,,,,,,,,,,,,
소노펠리체CC 괌 망길라오,몽키트래블,망길라오 골프 클럽,2026-05-08,오전,,,,,278232.0,278119.0,277085.0,277649.0,278704.0,278156.0,277311.0,276689.0,277272.0,,,,,,,,,,,,,,,,,,,,,,
소노펠리체CC 괌 망길라오,몽키트래블,망길라오 골프 클럽,2026-05-08,오후,,,,,278232.0,278119.0,277085.0,277649.0,278704.0,278156.0,277311.0,276689.0,277272.0,,,,,,,,,,,,,,,,,,,,,,
소노펠리체CC 괌 망길라오,몽키트래블,망길라오 골프 클럽,2026-05-09,오전,,,,,,278119.0,277085.0,277649.0,278704.0,278156.0,277311.0,276689.0,277272.0,,,,,,,,,,,,,,,,,,,,,,
소노펠리체CC 괌 망길라오,몽키트래블,망길라오 골프 클럽,2026-05-09,오후,,,,,,278119.0,277085.0,277649.0,278704.0,278156.0,277311.0,276689.0,277272.0,,,,,,,,,,,,,,,,,,,,,,
소노펠리체CC 괌 망길라오,몽키트래블,망길라오 골프 클럽,2026-05-10,오전,,,,,,278119.0,277085.0,277649.0,278704.0,278156.0,277311.0,276689.0,277272.0,275239.0,,,,,,,,,,,,,,,,,,,,,
소노펠리체CC 괌 망길라오,몽키트래블,망길라오 골프 클럽,2026-05-10,오후,,,,,,278119.0,277085.0,277649.0,278704.0,278156.0,277311.0,276689.0,277272.0,275239.0,,,,,,,,,,,,,,,,,,,,,
소노펠리체CC 괌 망길라오,몽키트래블,망길라오 골프 클럽,2026-05-11,오전,,,,,,,277085.0,277649.0,278704.0,278156.0,277311.0,276689.0,277272.0,275239.0,,,,,,,,,,,,,,,,,,,,,
소노펠리체CC 괌 망길라오,몽키트래블,망길라오 골프 클럽,2026-05-11,오후,,,,,,,277085.0,277649.0,278704.0,278156.0,277311.0,276689.0,277272.0,275239.0,,,,,,,,,,,,,,,,,,,,,
소노펠리체CC 괌 망길라오,몽키트래블,망길라오 골프 클럽,2026-05-12,오전,,,,,,,,277649.0,278704.0,278156.0,277311.0,276689.0,277272.0,275239.0,276745.0,,,,,,,,,,,,,,,,,,,,
소노펠리체CC 괌 망길라오,몽키트래블,망길라오 골프 클럽,2026-05-12,오후,,,,,,,,277649.0,278704.0,278156.0,277311.0,276689.0,277272.0,275239.0,276745.0,,,,,,,,,,,,,,,,,,,,
소노펠리체CC 괌 망길라오,몽키트래블,망길라오 골프 클럽,2026-05-13,오전,,,,,,,,,278704.0,278156.0,277311.0,276689.0,277272.0,275239.0,276745.0,277894.0,,,,,,,,,,,,,,,,,,,
소노펠리체CC 괌 망길라오,몽키트래블,망길라오 골프 클럽,2026-05-13,오후,,,,,,,,,278704.0,278156.0,277311.0,276689.0,277272.0,275239.0,276745.0,277894.0,,,,,,,,,,,,,,,,,,,
소노펠리체CC 괌 망길라오,몽키트래블,망길라오 골프 클럽,2026-05-14,오전,,,,,,,,,,278156.0,277311.0,276689.0,277272.0,275239.0,276745.0,277894.0,281037.0,,,,,,,,,,,,,,,,,,
소노펠리체CC 괌 망길라오,몽키트래블,망길라오 골프 클럽,2026-05-14,오후,,,,,,,,,,278156.0,277311.0,276689.0,277272.0,275239.0,276745.0,277894.0,281037.0,,,,,,,,,,,,,,,,,,
소노펠리체CC 괌 망길라오,몽키트래블,망길라오 골프 클럽,2026-05-15,오전,,,,,,,,,,,277311.0,276689.0,277272.0,275239.0,276745.0,277894.0,281037.0,280378.0,,,,,,,,,,,,,,,,,
소노펠리체CC 괌 망길라오,몽키트래블,망길라오 골프 클럽,2026-05-15,오후,,,,,,,,,,,277311.0,276689.0,277272.0,275239.0,276745.0,277894.0,281037.0,280378.0,,,,,,,,,,,,,,,,,
소노펠리체CC 괌 망길라오,몽키트래블,망길라오 골프 클럽,2026-05-16,오전,,,,,,,,,,,,276689.0,277272.0,275239.0,276745.0,277894.0,281037.0,280378.0,280942.0,,,,,,,,,,,,,,,,
소노펠리체CC 괌 망길라오,몽키트래블,망길라오 골프 클럽,2026-05-16,오후,,,,,,,,,,,,276689.0,277272.0,275239.0,276745.0,277894.0,281037.0,280378.0,280942.0,,,,,,,,,,,,,,,,
소노펠리체CC 괌 망길라오,몽키트래블,망길라오 골프 클럽,2026-05-17,오전,,,,,,,,,,,,276689.0,277272.0,275239.0,276745.0,277894.0,281037.0,280378.0,280942.0,282167.0,,,,,,,,,,,,,,,
소노펠리체CC 괌 망길라오,몽키트래블,망길라오 골프 클럽,2026-05-17,오후,,,,,,,,,,,,276689.0,277272.0,275239.0,276745.0,277894.0,281037.0,280378.0,280942.0,282167.0,,,,,,,,,,,,,,,
소노펠리체CC 괌 망길라오,몽키트래블,망길라오 골프 클럽,2026-05-18,오전,,,,,,,,,,,,276689.0,277272.0,275239.0,276745.0,277894.0,281037.0,280378.0,280942.0,282167.0,282356.0,,,,,,,,,,,,,,
소노펠리체CC 괌 망길라오,몽키트래블,망길라오 골프 클럽,2026-05-18,오후,,,,,,,,,,,,276689.0,277272.0,275239.0,276745.0,277894.0,281037.0,280378.0,280942.0,282167.0,282356.0,,,,,,,,,,,,,,
소노펠리체CC 괌 망길라오,몽키트래블,망길라오 골프 클럽,2026-05-19,오전,,,,,,,,,,,,,277272.0,275239.0,276745.0,277894.0,281037.0,280378.0,280942.0,282167.0,282356.0,282261.0,,,,,,,,,,,,,
소노펠리체CC 괌 망길라오,몽키트래블,망길라오 골프 클럽,2026-05-19,오후,,,,,,,,,,,,,277272.0,275239.0,276745.0,277894.0,281037.0,280378.0,280942.0,282167.0,282356.0,282261.0,,,,,,,,,,,,,
소노펠리체CC 괌 망길라오,몽키트래블,망길라오 골프 클럽,2026-05-20,오전,,,,,,,,,,,,,,275239.0,276745.0,277894.0,281037.0,280378.0,280942.0,282167.0,282356.0,282261.0,281037.0,,,,,,,,,,,,
소노펠리체CC 괌 망길라오,몽키트래블,망길라오 골프 클럽,2026-05-20,오후,,,,,,,,,,,,,,275239.0,276745.0,277894.0,281037.0,280378.0,280942.0,282167.0,282356.0,282261.0,281037.0,,,,,,,,,,,,
소노펠리체CC 괌 망길라오,몽키트래블,망길라오 골프 클럽,2026-05-21,오전,,,,,,,,,,,,,,275239.0,276745.0,277894.0,281037.0,280378.0,280942.0,282167.0,282356.0,282261.0,281037.0,,,,,,,,,,,,
소노펠리체CC 괌 망길라오,몽키트래블,망길라오 골프 클럽,2026-05-21,오후,,,,,,,,,,,,,,275239.0,276745.0,277894.0,281037.0,280378.0,280942.0,282167.0,282356.0,282261.0,281037.0,,,,,,,,,,,,
소노펠리체CC 괌 망길라오,몽키트래블,망길라오 골프 클럽,2026-05-22,오전,,,,,,,,,,,,,,275239.0,276745.0,277894.0,281037.0,280378.0,280942.0,282167.0,282356.0,282261.0,281037.0,,,,,,,,,,,,
소노펠리체CC 괌 망길라오,몽키트래블,망길라오 골프 클럽,2026-05-22,오후,,,,,,,,,,,,,,275239.0,276745.0,277894.0,281037.0,280378.0,280942.0,282167.0,282356.0,282261.0,281037.0,,,,,,,,,,,,
소노펠리체CC 괌 망길라오,몽키트래블,망길라오 골프 클럽,2026-05-23,오전,,,,,,,,,,,,,,275239.0,276745.0,277894.0,281037.0,280378.0,280942.0,282167.0,282356.0,282261.0,281037.0,,,,,,,,,,,,
소노펠리체CC 괌 망길라오,몽키트래블,망길라오 골프 클럽,2026-05-23,오후,,,,,,,,,,,,,,275239.0,276745.0,277894.0,281037.0,280378.0,280942.0,282167.0,282356.0,282261.0,281037.0,,,,,,,,,,,,
소노펠리체CC 괌 망길라오,몽키트래블,망길라오 골프 클럽,2026-05-24,오전,,,,,,,,,,,,,,,276745.0,277894.0,281037.0,280378.0,280942.0,282167.0,282356.0,282261.0,281037.0,,,,,,,,,,,,
소노펠리체CC 괌 망길라오,몽키트래블,망길라오 골프 클럽,2026-05-24,오후,,,,,,,,,,,,,,,276745.0,277894.0,281037.0,280378.0,280942.0,282167.0,282356.0,282261.0,281037.0,,,,,,,,,,,,
소노펠리체CC 괌 망길라오,몽키트래블,망길라오 골프 클럽,2026-05-25,오전,,,,,,,,,,,,,,,276745.0,277894.0,281037.0,280378.0,280942.0,282167.0,282356.0,282261.0,281037.0,285932.0,,,,,,,,,,,
소노펠리체CC 괌 망길라오,몽키트래블,망길라오 골프 클럽,2026-05-25,오후,,,,,,,,,,,,,,,276745.0,277894.0,281037.0,280378.0,280942.0,282167.0,282356.0,282261.0,281037.0,285932.0,,,,,,,,,,,
소노펠리체CC 괌 망길라오,몽키트래블,망길라오 골프 클럽,2026-05-26,오전,,,,,,,,,,,,,,,,277894.0,281037.0,280378.0,280942.0,282167.0,282356.0,282261.0,281037.0,285932.0,285179.0,,,,,,,,,,
소노펠리체CC 괌 망길라오,몽키트래블,망길라오 골프 클럽,2026-05-26,오후,,,,,,,,,,,,,,,,277894.0,281037.0,280378.0,280942.0,282167.0,282356.0,282261.0,281037.0,285932.0,285179.0,,,,,,,,,,
소노펠리체CC 괌 망길라오,몽키트래블,망길라오 골프 클럽,2026-05-27,오전,,,,,,,,,,,,,,,,,281037.0,280378.0,280942.0,282167.0,282356.0,282261.0,281037.0,285932.0,285179.0,284896.0,,,,,,,,,
소노펠리체CC 괌 망길라오,몽키트래블,망길라오 골프 클럽,2026-05-27,오후,,,,,,,,,,,,,,,,,281037.0,280378.0,280942.0,282167.0,282356.0,282261.0,281037.0,285932.0,285179.0,284896.0,,,,,,,,,
소노펠리체CC 괌 망길라오,몽키트래블,망길라오 골프 클럽,2026-05-28,오전,,,,,,,,,,,,,,,,,,280378.0,280942.0,282167.0,282356.0,282261.0,281037.0,285932.0,285179.0,284896.0,283390.0,,,,,,,,
소노펠리체CC 괌 망길라오,몽키트래블,망길라오 골프 클럽,2026-05-28,오후,,,,,,,,,,,,,,,,,,280378.0,280942.0,282167.0,282356.0,282261.0,281037.0,285932.0,285179.0,284896.0,283390.0,,,,,,,,
소노펠리체CC 괌 망길라오,몽키트래블,망길라오 골프 클럽,2026-05-29,오전,,,,,,,,,,,,,,,,,,,280942.0,282167.0,282356.0,282261.0,281037.0,285932.0,285179.0,284896.0,283390.0,282826.0,,,,,,,
소노펠리체CC 괌 망길라오,몽키트래블,망길라오 골프 클럽,2026-05-29,오후,,,,,,,,,,,,,,,,,,,280942.0,282167.0,282356.0,282261.0,281037.0,285932.0,285179.0,284896.0,283390.0,282826.0,,,,,,,
소노펠리체CC 괌 망길라오,몽키트래블,망길라오 골프 클럽,2026-05-30,오전,,,,,,,,,,,,,,,,,,,,282167.0,282356.0,282261.0,281037.0,285932.0,285179.0,284896.0,283390.0,282826.0,281790.0,,,,,,
소노펠리체CC 괌 망길라오,몽키트래블,망길라오 골프 클럽,2026-05-30,오후,,,,,,,,,,,,,,,,,,,,282167.0,282356.0,282261.0,281037.0,285932.0,285179.0,284896.0,283390.0,282826.0,281790.0,,,,,,
소노펠리체CC 괌 망길라오,몽키트래블,망길라오 골프 클럽,2026-05-31,오전,,,,,,,,,,,,,,,,,,,,,282356.0,282261.0,281037.0,285932.0,285179.0,284896.0,283390.0,282826.0,281790.0,283673.0,,,,,
소노펠리체CC 괌 망길라오,몽키트래블,망길라오 골프 클럽,2026-05-31,오후,,,,,,,,,,,,,,,,,,,,,282356.0,282261.0,281037.0,285932.0,285179.0,284896.0,283390.0,282826.0,281790.0,283673.0,,,,,
소노펠리체CC 괌 망길라오,몽키트래블,망길라오 골프 클럽,2026-06-01,오전,,,,,,,,,,,,,,,,,,,,,,282261.0,281037.0,285932.0,285179.0,284896.0,283390.0,282826.0,281790.0,283673.0,283673.0,,,,
소노펠리체CC 괌 망길라오,몽키트래블,망길라오 골프 클럽,2026-06-01,오후,,,,,,,,,,,,,,,,,,,,,,282261.0,281037.0,285932.0,285179.0,284896.0,283390.0,282826.0,281790.0,283673.0,283673.0,,,,
소노펠리체CC 괌 망길라오,몽키트래블,망길라오 골프 클럽,2026-06-02,오전,,,,,,,,,,,,,,,,,,,,,,,281037.0,285932.0,285179.0,284896.0,283390.0,282826.0,281790.0,283673.0,283673.0,283767.0,,,
소노펠리체CC 괌 망길라오,몽키트래블,망길라오 골프 클럽,2026-06-02,오후,,,,,,,,,,,,,,,,,,,,,,,281037.0,285932.0,285179.0,284896.0,283390.0,282826.0,281790.0,283673.0,283673.0,283767.0,,,
소노펠리체CC 괌 망길라오,몽키트래블,망길라오 골프 클럽,2026-06-03,오전,,,,,,,,,,,,,,,,,,,,,,,,285932.0,285179.0,284896.0,283390.0,282826.0,281790.0,283673.0,283673.0,283767.0,284801.0,,
소노펠리체CC 괌 망길라오,몽키트래블,망길라오 골프 클럽,2026-06-03,오후,,,,,,,,,,,,,,,,,,,,,,,,285932.0,285179.0,284896.0,283390.0,282826.0,281790.0,283673.0,283673.0,283767.0,284801.0,,
소노펠리체CC 괌 망길라오,몽키트래블,망길라오 골프 클럽,2026-06-04,오전,,,,,,,,,,,,,,,,,,,,,,,,285932.0,285179.0,284896.0,283390.0,282826.0,281790.0,283673.0,283673.0,283767.0,284801.0,286121.0,
소노펠리체CC 괌 망길라오,몽키트래블,망길라오 골프 클럽,2026-06-04,오후,,,,,,,,,,,,,,,,,,,,,,,,285932.0,285179.0,284896.0,283390.0,282826.0,281790.0,283673.0,283673.0,283767.0,284801.0,286121.0,
소노펠리체CC 괌 망길라오,몽키트래블,망길라오 골프 클럽,2026-06-05,오전,,,,,,,,,,,,,,,,,,,,,,,,285932.0,285179.0,284896.0,283390.0,282826.0,281790.0,283673.0,283673.0,283767.0,284801.0,286121.0,288285.0
소노펠리체CC 괌 망길라오,몽키트래블,망길라오 골프 클럽,2026-06-05,오후,,,,,,,,,,,,,,,,,,,,,,,,285932.0,285179.0,284896.0,283390.0,282826.0,281790.0,283673.0,283673.0,283767.0,284801.0,286121.0,288285.0
소노펠리체CC 괌 망길라오,몽키트래블,망길라오 골프 클럽,2026-06-06,오전,,,,,,,,,,,,,,,,,,,,,,,,285932.0,285179.0,284896.0,283390.0,282826.0,281790.0,283673.0,283673.0,283767.0,284801.0,286121.0,288285.0
소노펠리체CC 괌 망길라오,몽키트래블,망길라오 골프 클럽,2026-06-06,오후,,,,,,,,,,,,,,,,,,,,,,,,285932.0,285179.0,284896.0,283390.0,282826.0,281790.0,283673.0,283673.0,283767.0,284801.0,286121.0,288285.0
소노펠리체CC 괌 망길라오,몽키트래블,망길라오 골프 클럽,2026-06-07,오전,,,,,,,,,,,,,,,,,,,,,,,,285932.0,285179.0,284896.0,283390.0,282826.0,281790.0,283673.0,283673.0,283767.0,284801.0,286121.0,288285.0
소노펠리체CC 괌 망길라오,몽키트래블,망길라오 골프 클럽,2026-06-07,오후,,,,,,,,,,,,,,,,,,,,,,,,285932.0,285179.0,284896.0,283390.0,282826.0,281790.0,283673.0,283673.0,283767.0,284801.0,286121.0,288285.0
소노펠리체CC 괌 망길라오,몽키트래블,망길라오 골프 클럽,2026-06-08,오전,,,,,,,,,,,,,,,,,,,,,,,,,285179.0,284896.0,283390.0,282826.0,281790.0,283673.0,283673.0,283767.0,284801.0,286121.0,288285.0
소노펠리체CC 괌 망길라오,몽키트래블,망길라오 골프 클럽,2026-06-08,오후,,,,,,,,,,,,,,,,,,,,,,,,,285179.0,284896.0,283390.0,282826.0,281790.0,283673.0,283673.0,283767.0,284801.0,286121.0,288285.0
소노펠리체CC 괌 망길라오,몽키트래블,망길라오 골프 클럽,2026-06-09,오전,,,,,,,,,,,,,,,,,,,,,,,,,,284896.0,283390.0,282826.0,281790.0,283673.0,283673.0,283767.0,284801.0,286121.0,288285.0
소노펠리체CC 괌 망길라오,몽키트래블,망길라오 골프 클럽,2026-06-09,오후,,,,,,,,,,,,,,,,,,,,,,,,,,284896.0,283390.0,282826.0,281790.0,283673.0,283673.0,283767.0,284801.0,286121.0,288285.0
소노펠리체CC 괌 망길라오,몽키트래블,망길라오 골프 클럽,2026-06-10,오전,,,,,,,,,,,,,,,,,,,,,,,,,,,283390.0,282826.0,281790.0,283673.0,283673.0,283767.0,284801.0,286121.0,288285.0
소노펠리체CC 괌 망길라오,몽키트래블,망길라오 골프 클럽,2026-06-10,오후,,,,,,,,,,,,,,,,,,,,,,,,,,,283390.0,282826.0,281790.0,283673.0,283673.0,283767.0,284801.0,286121.0,288285.0
소노펠리체CC 괌 망길라오,몽키트래블,망길라오 골프 클럽,2026-06-11,오전,,,,,,,,,,,,,,,,,,,,,,,,,,,,282826.0,281790.0,283673.0,283673.0,283767.0,284801.0,286121.0,288285.0
소노펠리체CC 괌 망길라오,몽키트래블,망길라오 골프 클럽,2026-06-11,오후,,,,,,,,,,,,,,,,,,,,,,,,,,,,282826.0,281790.0,283673.0,283673.0,283767.0,284801.0,286121.0,288285.0
소노펠리체CC 괌 망길라오,몽키트래블,망길라오 골프 클럽,2026-06-12,오전,,,,,,,,,,,,,,,,,,,,,,,,,,,,,281790.0,283673.0,283673.0,283767.0,284801.0,286121.0,288285.0
소노펠리체CC 괌 망길라오,몽키트래블,망길라오 골프 클럽,2026-06-12,오후,,,,,,,,,,,,,,,,,,,,,,,,,,,,,281790.0,283673.0,283673.0,283767.0,284801.0,286121.0,288285.0
소노펠리체CC 괌 망길라오,몽키트래블,망길라오 골프 클럽,2026-06-13,오전,,,,,,,,,,,,,,,,,,,,,,,,,,,,,,283673.0,283673.0,283767.0,284801.0,286121.0,288285.0
소노펠리체CC 괌 망길라오,몽키트래블,망길라오 골프 클럽,2026-06-13,오후,,,,,,,,,,,,,,,,,,,,,,,,,,,,,,283673.0,283673.0,283767.0,284801.0,286121.0,288285.0
소노펠리체CC 괌 망길라오,몽키트래블,망길라오 골프 클럽,2026-06-14,오전,,,,,,,,,,,,,,,,,,,,,,,,,,,,,,,283673.0,283767.0,284801.0,286121.0,288285.0
소노펠리체CC 괌 망길라오,몽키트래블,망길라오 골프 클럽,2026-06-14,오후,,,,,,,,,,,,,,,,,,,,,,,,,,,,,,,283673.0,283767.0,284801.0,286121.0,288285.0
소노펠리체CC 괌 망길라오,몽키트래블,망길라오 골프 클럽,2026-06-15,오전,,,,,,,,,,,,,,,,,,,,,,,,,,,,,,,,283767.0,284801.0,286121.0,288285.0
소노펠리체CC 괌 망길라오,몽키트래블,망길라오 골프 클럽,2026-06-15,오후,,,,,,,,,,,,,,,,,,,,,,,,,,,,,,,,283767.0,284801.0,286121.0,288285.0
소노펠리체CC 괌 망길라오,몽키트래블,망길라오 골프 클럽,2026-06-16,오전,,,,,,,,,,,,,,,,,,,,,,,,,,,,,,,,,284801.0,286121.0,288285.0
소노펠리체CC 괌 망길라오,몽키트래블,망길라오 골프 클럽,2026-06-16,오후,,,,,,,,,,,,,,,,,,,,,,,,,,,,,,,,,284801.0,286121.0,288285.0
소노펠리체CC 괌 망길라오,몽키트래블,망길라오 골프 클럽,2026-06-17,오전,,,,,,,,,,,,,,,,,,,,,,,,,,,,,,,,,,286121.0,288285.0
소노펠리체CC 괌 망길라오,몽키트래블,망길라오 골프 클럽,2026-06-17,오후,,,,,,,,,,,,,,,,,,,,,,,,,,,,,,,,,,286121.0,288285.0
소노펠리체CC 괌 망길라오,몽키트래블,망길라오 골프 클럽,2026-06-18,오전,,,,,,,,,,,,,,,,,,,,,,,,,,,,,,,,,,,288285.0
소노펠리체CC 괌 망길라오,몽키트래블,망길라오 골프 클럽,2026-06-18,오후,,,,,,,,,,,,,,,,,,,,,,,,,,,,,,,,,,,288285.0
소노펠리체CC 괌 탈로포포,AGL,레오팔레스 리조트 CC,2026-04-18,최저가,203300.0,,,,,,,,,,,,,,,,,,,,,,,,,,,,,,,,,,
소노펠리체CC 괌 탈로포포,AGL,레오팔레스 리조트 CC,2026-04-20,최저가,,204300.0,,,,,,,,,,,,,,,,,,,,,,,,,,,,,,,,,
소노펠리체CC 괌 탈로포포,AGL,레오팔레스 리조트 CC,2026-04-21,최저가,,,203700.0,,,,,,,,,,,,,,,,,,,,,,,,,,,,,,,,
소노펠리체CC 괌 탈로포포,AGL,레오팔레스 리조트 CC,2026-04-22,최저가,,,,203000.0,,,,,,,,,,,,,,,,,,,,,,,,,,,,,,,
소노펠리체CC 괌 탈로포포,AGL,레오팔레스 리조트 CC,2026-04-24,최저가,,,,,204400.0,,,,,,,,,,,,,,,,,,,,,,,,,,,,,,
소노펠리체CC 괌 탈로포포,AGL,레오팔레스 리조트 CC,2026-04-26,최저가,,,,,,204400.0,,,,,,,,,,,,,,,,,,,,,,,,,,,,,
소노펠리체CC 괌 탈로포포,AGL,레오팔레스 리조트 CC,2026-04-27,최저가,,,,,,,204700.0,,,,,,,,,,,,,,,,,,,,,,,,,,,,
소노펠리체CC 괌 탈로포포,AGL,레오팔레스 리조트 CC,2026-04-28,최저가,,,,,,,,203300.0,,,,,,,,,,,,,,,,,,,,,,,,,,,
소노펠리체CC 괌 탈로포포,AGL,레오팔레스 리조트 CC,2026-04-29,최저가,,,,,,,,,203400.0,,,,,,,,,,,,,,,,,,,,,,,,,,
소노펠리체CC 괌 탈로포포,AGL,레오팔레스 리조트 CC,2026-04-30,최저가,,,,,,,,,,203800.0,,,,,,,,,,,,,,,,,,,,,,,,,
소노펠리체CC 괌 탈로포포,AGL,레오팔레스 리조트 CC,2026-05-01,최저가,,,,,,,,,,,203800.0,,,,,,,,,,,,,,,,,,,,,,,,
소노펠리체CC 괌 탈로포포,AGL,레오팔레스 리조트 CC,2026-05-04,최저가,,,,,,,,,,,,205000.0,,,,,,,,,,,,,,,,,,,,,,,
소노펠리체CC 괌 탈로포포,AGL,레오팔레스 리조트 CC,2026-05-05,최저가,,,,,,,,,,,,,205000.0,,,,,,,,,,,,,,,,,,,,,,
소노펠리체CC 괌 탈로포포,AGL,탈로포포 골프 클럽,2026-04-18,최저가,220900.0,,,,,,,,,,,,,,,,,,,,,,,,,,,,,,,,,,
소노펠리체CC 괌 탈로포포,AGL,탈로포포 골프 클럽,2026-04-20,최저가,,222000.0,,,,,,,,,,,,,,,,,,,,,,,,,,,,,,,,,
소노펠리체CC 괌 탈로포포,AGL,탈로포포 골프 클럽,2026-04-21,최저가,,,221400.0,,,,,,,,,,,,,,,,,,,,,,,,,,,,,,,,
소노펠리체CC 괌 탈로포포,AGL,탈로포포 골프 클럽,2026-04-22,최저가,,,,220700.0,,,,,,,,,,,,,,,,,,,,,,,,,,,,,,,
소노펠리체CC 괌 탈로포포,AGL,탈로포포 골프 클럽,2026-04-24,최저가,,,,,222100.0,,,,,,,,,,,,,,,,,,,,,,,,,,,,,,
소노펠리체CC 괌 탈로포포,AGL,탈로포포 골프 클럽,2026-04-26,최저가,,,,,,222100.0,,,,,,,,,,,,,,,,,,,,,,,,,,,,,
소노펠리체CC 괌 탈로포포,AGL,탈로포포 골프 클럽,2026-04-27,최저가,,,,,,,222500.0,,,,,,,,,,,,,,,,,,,,,,,,,,,,
소노펠리체CC 괌 탈로포포,AGL,탈로포포 골프 클럽,2026-04-28,최저가,,,,,,,,221000.0,,,,,,,,,,,,,,,,,,,,,,,,,,,
소노펠리체CC 괌 탈로포포,AGL,탈로포포 골프 클럽,2026-04-29,최저가,,,,,,,,,221000.0,,,,,,,,,,,,,,,,,,,,,,,,,,
소노펠리체CC 괌 탈로포포,AGL,탈로포포 골프 클럽,2026-04-30,최저가,,,,,,,,,,221500.0,,,,,,,,,,,,,,,,,,,,,,,,,
소노펠리체CC 괌 탈로포포,AGL,탈로포포 골프 클럽,2026-05-01,최저가,,,,,,,,,,,221500.0,,,,,,,,,,,,,,,,,,,,,,,,
소노펠리체CC 괌 탈로포포,AGL,탈로포포 골프 클럽,2026-05-04,최저가,,,,,,,,,,,,222800.0,,,,,,,,,,,,,,,,,,,,,,,
소노펠리체CC 괌 탈로포포,AGL,탈로포포 골프 클럽,2026-05-05,최저가,,,,,,,,,,,,,222800.0,,,,,,,,,,,,,,,,,,,,,,
소노펠리체CC 괌 탈로포포,KKday,탈로포포 골프 클럽,2026-04-18,최저가,230291.0,,,,,,,,,,,,,,,,,,,,,,,,,,,,,,,,,,
소노펠리체CC 괌 탈로포포,KKday,탈로포포 골프 클럽,2026-04-20,최저가,,230456.0,,,,,,,,,,,,,,,,,,,,,,,,,,,,,,,,,
소노펠리체CC 괌 탈로포포,KKday,탈로포포 골프 클럽,2026-04-21,최저가,,,229735.0,,,,,,,,,,,,,,,,,,,,,,,,,,,,,,,,
소노펠리체CC 괌 탈로포포,KKday,탈로포포 골프 클럽,2026-04-22,최저가,,,,228919.0,,,,,,,,,,,,,,,,,,,,,,,,,,,,,,,
소노펠리체CC 괌 탈로포포,KKday,탈로포포 골프 클럽,2026-04-24,최저가,,,,,229625.0,,,,,,,,,,,,,,,,,,,,,,,,,,,,,,
소노펠리체CC 괌 탈로포포,KKday,탈로포포 골프 클럽,2026-04-26,최저가,,,,,,230064.0,,,,,,,,,,,,,,,,,,,,,,,,,,,,,
소노펠리체CC 괌 탈로포포,KKday,탈로포포 골프 클럽,2026-04-27,최저가,,,,,,,229870.0,,,,,,,,,,,,,,,,,,,,,,,,,,,,
소노펠리체CC 괌 탈로포포,KKday,탈로포포 골프 클럽,2026-04-28,최저가,,,,,,,,229827.0,,,,,,,,,,,,,,,,,,,,,,,,,,,
소노펠리체CC 괌 탈로포포,KKday,탈로포포 골프 클럽,2026-04-29,최저가,,,,,,,,,229984.0,,,,,,,,,,,,,,,,,,,,,,,,,,
소노펠리체CC 괌 탈로포포,KKday,탈로포포 골프 클럽,2026-04-30,최저가,,,,,,,,,,228984.0,,,,,,,,,,,,,,,,,,,,,,,,,
소노펠리체CC 괌 탈로포포,KKday,탈로포포 골프 클럽,2026-05-01,최저가,,,,,,,,,,,230165.0,,,,,,,,,,,,,,,,,,,,,,,,
소노펠리체CC 괌 탈로포포,KKday,탈로포포 골프 클럽,2026-05-04,최저가,,,,,,,,,,,,229830.0,,,,,,,,,,,,,,,,,,,,,,,
소노펠리체CC 괌 탈로포포,KKday,탈로포포 골프 클럽,2026-05-05,최저가,,,,,,,,,,,,,229523.0,,,,,,,,,,,,,,,,,,,,,,
소노펠리체CC 괌 탈로포포,KKday,탈로포포 골프 클럽,2026-05-09,최저가,,,,,,,,,,,,,,229193.0,,,,,,,,,,,,,,,,,,,,,
소노펠리체CC 괌 탈로포포,KKday,탈로포포 골프 클럽,2026-05-11,최저가,,,,,,,,,,,,,,,230061.0,,,,,,,,,,,,,,,,,,,,
소노펠리체CC 괌 탈로포포,KKday,탈로포포 골프 클럽,2026-05-12,최저가,,,,,,,,,,,,,,,,229722.0,,,,,,,,,,,,,,,,,,,
소노펠리체CC 괌 탈로포포,KKday,탈로포포 골프 클럽,2026-05-13,최저가,,,,,,,,,,,,,,,,,229447.0,,,,,,,,,,,,,,,,,,
소노펠리체CC 괌 탈로포포,KKday,탈로포포 골프 클럽,2026-05-14,최저가,,,,,,,,,,,,,,,,,,229852.0,,,,,,,,,,,,,,,,,
소노펠리체CC 괌 탈로포포,KKday,탈로포포 골프 클럽,2026-05-15,최저가,,,,,,,,,,,,,,,,,,,229728.0,,,,,,,,,,,,,,,,
소노펠리체CC 괌 탈로포포,KKday,탈로포포 골프 클럽,2026-05-16,최저가,,,,,,,,,,,,,,,,,,,,229925.0,,,,,,,,,,,,,,,
소노펠리체CC 괌 탈로포포,KKday,탈로포포 골프 클럽,2026-05-17,최저가,,,,,,,,,,,,,,,,,,,,,229874.0,,,,,,,,,,,,,,
소노펠리체CC 괌 탈로포포,KKday,탈로포포 골프 클럽,2026-05-18,최저가,,,,,,,,,,,,,,,,,,,,,,229826.0,,,,,,,,,,,,,
소노펠리체CC 괌 탈로포포,KKday,탈로포포 골프 클럽,2026-05-19,최저가,,,,,,,,,,,,,,,,,,,,,,,230663.0,,,,,,,,,,,,
소노펠리체CC 괌 탈로포포,KKday,탈로포포 골프 클럽,2026-05-24,최저가,,,,,,,,,,,,,,,,,,,,,,,,229263.0,,,,,,,,,,,
소노펠리체CC 괌 탈로포포,KKday,탈로포포 골프 클럽,2026-05-25,최저가,,,,,,,,,,,,,,,,,,,,,,,,,229669.0,,,,,,,,,,
소노펠리체CC 괌 탈로포포,KKday,탈로포포 골프 클럽,2026-05-26,최저가,,,,,,,,,,,,,,,,,,,,,,,,,,229846.0,,,,,,,,,
소노펠리체CC 괌 탈로포포,KKday,탈로포포 골프 클럽,2026-05-27,최저가,,,,,,,,,,,,,,,,,,,,,,,,,,,229756.0,,,,,,,,
소노펠리체CC 괌 탈로포포,KKday,탈로포포 골프 클럽,2026-05-28,최저가,,,,,,,,,,,,,,,,,,,,,,,,,,,,229665.0,,,,,,,
소노펠리체CC 괌 탈로포포,KKday,탈로포포 골프 클럽,2026-05-29,최저가,,,,,,,,,,,,,,,,,,,,,,,,,,,,,230224.0,,,,,,
소노펠리체CC 괌 탈로포포,KKday,탈로포포 골프 클럽,2026-05-30,최저가,,,,,,,,,,,,,,,,,,,,,,,,,,,,,,229766.0,,,,,
소노펠리체CC 괌 탈로포포,KKday,탈로포포 골프 클럽,2026-05-31,최저가,,,,,,,,,,,,,,,,,,,,,,,,,,,,,,,229799.0,,,,
소노펠리체CC 괌 탈로포포,KKday,탈로포포 골프 클럽,2026-06-01,최저가,,,,,,,,,,,,,,,,,,,,,,,,,,,,,,,,229806.0,,,
소노펠리체CC 괌 탈로포포,KKday,탈로포포 골프 클럽,2026-06-02,최저가,,,,,,,,,,,,,,,,,,,,,,,,,,,,,,,,,229362.0,,
소노펠리체CC 괌 탈로포포,KKday,탈로포포 골프 클럽,2026-06-03,최저가,,,,,,,,,,,,,,,,,,,,,,,,,,,,,,,,,,229836.0,
소노펠리체CC 괌 탈로포포,KKday,탈로포포 골프 클럽,2026-06-04,최저가,,,,,,,,,,,,,,,,,,,,,,,,,,,,,,,,,,,229131.0
소노펠리체CC 괌 탈로포포,몽키트래블,CCP (컨트리 클럽 오브 더 퍼시픽),2026-04-19,오전,167269.0,,,,,,,,,,,,,,,,,,,,,,,,,,,,,,,,,,
소노펠리체CC 괌 탈로포포,몽키트래블,CCP (컨트리 클럽 오브 더 퍼시픽),2026-04-19,오후,167269.0,,,,,,,,,,,,,,,,,,,,,,,,,,,,,,,,,,
소노펠리체CC 괌 탈로포포,몽키트래블,CCP (컨트리 클럽 오브 더 퍼시픽),2026-04-20,오전,167269.0,,,,,,,,,,,,,,,,,,,,,,,,,,,,,,,,,,
소노펠리체CC 괌 탈로포포,몽키트래블,CCP (컨트리 클럽 오브 더 퍼시픽),2026-04-20,오후,167269.0,,,,,,,,,,,,,,,,,,,,,,,,,,,,,,,,,,
소노펠리체CC 괌 탈로포포,몽키트래블,CCP (컨트리 클럽 오브 더 퍼시픽),2026-04-21,오전,167269.0,167588.0,,,,,,,,,,,,,,,,,,,,,,,,,,,,,,,,,
소노펠리체CC 괌 탈로포포,몽키트래블,CCP (컨트리 클럽 오브 더 퍼시픽),2026-04-21,오후,167269.0,167588.0,,,,,,,,,,,,,,,,,,,,,,,,,,,,,,,,,
소노펠리체CC 괌 탈로포포,몽키트래블,CCP (컨트리 클럽 오브 더 퍼시픽),2026-04-22,오전,167269.0,167588.0,167531.0,,,,,,,,,,,,,,,,,,,,,,,,,,,,,,,,
소노펠리체CC 괌 탈로포포,몽키트래블,CCP (컨트리 클럽 오브 더 퍼시픽),2026-04-22,오후,167269.0,167588.0,167531.0,,,,,,,,,,,,,,,,,,,,,,,,,,,,,,,,
소노펠리체CC 괌 탈로포포,몽키트래블,CCP (컨트리 클럽 오브 더 퍼시픽),2026-04-23,오전,167269.0,167588.0,167531.0,168478.0,,,,,,,,,,,,,,,,,,,,,,,,,,,,,,,
소노펠리체CC 괌 탈로포포,몽키트래블,CCP (컨트리 클럽 오브 더 퍼시픽),2026-04-23,오후,167269.0,167588.0,167531.0,168478.0,,,,,,,,,,,,,,,,,,,,,,,,,,,,,,,
소노펠리체CC 괌 탈로포포,몽키트래블,CCP (컨트리 클럽 오브 더 퍼시픽),2026-04-24,오전,167269.0,167588.0,167531.0,168478.0,,,,,,,,,,,,,,,,,,,,,,,,,,,,,,,
소노펠리체CC 괌 탈로포포,몽키트래블,CCP (컨트리 클럽 오브 더 퍼시픽),2026-04-24,오후,167269.0,167588.0,167531.0,168478.0,,,,,,,,,,,,,,,,,,,,,,,,,,,,,,,
소노펠리체CC 괌 탈로포포,몽키트래블,CCP (컨트리 클럽 오브 더 퍼시픽),2026-04-25,오전,167269.0,167588.0,167531.0,168478.0,168443.0,,,,,,,,,,,,,,,,,,,,,,,,,,,,,,
소노펠리체CC 괌 탈로포포,몽키트래블,CCP (컨트리 클럽 오브 더 퍼시픽),2026-04-25,오후,167269.0,167588.0,167531.0,168478.0,168443.0,,,,,,,,,,,,,,,,,,,,,,,,,,,,,,
소노펠리체CC 괌 탈로포포,몽키트래블,CCP (컨트리 클럽 오브 더 퍼시픽),2026-04-26,오전,167269.0,167588.0,167531.0,168478.0,168443.0,,,,,,,,,,,,,,,,,,,,,,,,,,,,,,
소노펠리체CC 괌 탈로포포,몽키트래블,CCP (컨트리 클럽 오브 더 퍼시픽),2026-04-26,오후,167269.0,167588.0,167531.0,168478.0,168443.0,,,,,,,,,,,,,,,,,,,,,,,,,,,,,,
소노펠리체CC 괌 탈로포포,몽키트래블,CCP (컨트리 클럽 오브 더 퍼시픽),2026-04-27,오전,167269.0,167588.0,167531.0,168478.0,168443.0,168375.0,,,,,,,,,,,,,,,,,,,,,,,,,,,,,
소노펠리체CC 괌 탈로포포,몽키트래블,CCP (컨트리 클럽 오브 더 퍼시픽),2026-04-27,오후,167269.0,167588.0,167531.0,168478.0,168443.0,168375.0,,,,,,,,,,,,,,,,,,,,,,,,,,,,,
소노펠리체CC 괌 탈로포포,몽키트래블,CCP (컨트리 클럽 오브 더 퍼시픽),2026-04-28,오전,167269.0,167588.0,167531.0,168478.0,168443.0,168375.0,167749.0,,,,,,,,,,,,,,,,,,,,,,,,,,,,
소노펠리체CC 괌 탈로포포,몽키트래블,CCP (컨트리 클럽 오브 더 퍼시픽),2026-04-28,오후,167269.0,167588.0,167531.0,168478.0,168443.0,168375.0,167749.0,,,,,,,,,,,,,,,,,,,,,,,,,,,,
소노펠리체CC 괌 탈로포포,몽키트래블,CCP (컨트리 클럽 오브 더 퍼시픽),2026-04-29,오전,167269.0,167588.0,167531.0,168478.0,168443.0,168375.0,167749.0,168090.0,,,,,,,,,,,,,,,,,,,,,,,,,,,
소노펠리체CC 괌 탈로포포,몽키트래블,CCP (컨트리 클럽 오브 더 퍼시픽),2026-04-29,오후,167269.0,167588.0,167531.0,168478.0,168443.0,168375.0,167749.0,168090.0,,,,,,,,,,,,,,,,,,,,,,,,,,,
소노펠리체CC 괌 탈로포포,몽키트래블,CCP (컨트리 클럽 오브 더 퍼시픽),2026-04-30,오전,167269.0,167588.0,167531.0,168478.0,168443.0,168375.0,167749.0,168090.0,168729.0,,,,,,,,,,,,,,,,,,,,,,,,,,
소노펠리체CC 괌 탈로포포,몽키트래블,CCP (컨트리 클럽 오브 더 퍼시픽),2026-04-30,오후,167269.0,167588.0,167531.0,168478.0,168443.0,168375.0,167749.0,168090.0,168729.0,,,,,,,,,,,,,,,,,,,,,,,,,,
소노펠리체CC 괌 탈로포포,몽키트래블,CCP (컨트리 클럽 오브 더 퍼시픽),2026-05-01,오전,167269.0,167588.0,167531.0,168478.0,168443.0,168375.0,167749.0,168090.0,168729.0,168397.0,,,,,,,,,,,,,,,,,,,,,,,,,
소노펠리체CC 괌 탈로포포,몽키트래블,CCP (컨트리 클럽 오브 더 퍼시픽),2026-05-01,오후,167269.0,167588.0,167531.0,168478.0,168443.0,168375.0,167749.0,168090.0,168729.0,168397.0,,,,,,,,,,,,,,,,,,,,,,,,,
소노펠리체CC 괌 탈로포포,몽키트래블,CCP (컨트리 클럽 오브 더 퍼시픽),2026-05-02,오전,167269.0,167588.0,167531.0,168478.0,168443.0,168375.0,167749.0,168090.0,168729.0,168397.0,167885.0,,,,,,,,,,,,,,,,,,,,,,,,
소노펠리체CC 괌 탈로포포,몽키트래블,CCP (컨트리 클럽 오브 더 퍼시픽),2026-05-02,오후,167269.0,167588.0,167531.0,168478.0,168443.0,168375.0,167749.0,168090.0,168729.0,168397.0,167885.0,,,,,,,,,,,,,,,,,,,,,,,,
소노펠리체CC 괌 탈로포포,몽키트래블,CCP (컨트리 클럽 오브 더 퍼시픽),2026-05-03,오전,,167588.0,167531.0,168478.0,168443.0,168375.0,167749.0,168090.0,168729.0,168397.0,167885.0,,,,,,,,,,,,,,,,,,,,,,,,
소노펠리체CC 괌 탈로포포,몽키트래블,CCP (컨트리 클럽 오브 더 퍼시픽),2026-05-03,오후,,167588.0,167531.0,168478.0,168443.0,168375.0,167749.0,168090.0,168729.0,168397.0,167885.0,,,,,,,,,,,,,,,,,,,,,,,,
소노펠리체CC 괌 탈로포포,몽키트래블,CCP (컨트리 클럽 오브 더 퍼시픽),2026-05-04,오전,,167588.0,167531.0,168478.0,168443.0,168375.0,167749.0,168090.0,168729.0,168397.0,167885.0,,,,,,,,,,,,,,,,,,,,,,,,
소노펠리체CC 괌 탈로포포,몽키트래블,CCP (컨트리 클럽 오브 더 퍼시픽),2026-05-04,오후,,167588.0,167531.0,168478.0,168443.0,168375.0,167749.0,168090.0,168729.0,168397.0,167885.0,,,,,,,,,,,,,,,,,,,,,,,,
소노펠리체CC 괌 탈로포포,몽키트래블,CCP (컨트리 클럽 오브 더 퍼시픽),2026-05-05,오전,,,167531.0,168478.0,168443.0,168375.0,167749.0,168090.0,168729.0,168397.0,167885.0,167509.0,,,,,,,,,,,,,,,,,,,,,,,
소노펠리체CC 괌 탈로포포,몽키트래블,CCP (컨트리 클럽 오브 더 퍼시픽),2026-05-05,오후,,,167531.0,168478.0,168443.0,168375.0,167749.0,168090.0,168729.0,168397.0,167885.0,167509.0,,,,,,,,,,,,,,,,,,,,,,,
소노펠리체CC 괌 탈로포포,몽키트래블,CCP (컨트리 클럽 오브 더 퍼시픽),2026-05-06,오전,,,,168478.0,168443.0,168375.0,167749.0,168090.0,168729.0,168397.0,167885.0,167509.0,167862.0,,,,,,,,,,,,,,,,,,,,,,
소노펠리체CC 괌 탈로포포,몽키트래블,CCP (컨트리 클럽 오브 더 퍼시픽),2026-05-06,오후,,,,168478.0,168443.0,168375.0,167749.0,168090.0,168729.0,168397.0,167885.0,167509.0,167862.0,,,,,,,,,,,,,,,,,,,,,,
소노펠리체CC 괌 탈로포포,몽키트래블,CCP (컨트리 클럽 오브 더 퍼시픽),2026-05-07,오전,,,,,168443.0,168375.0,167749.0,168090.0,168729.0,168397.0,167885.0,167509.0,167862.0,,,,,,,,,,,,,,,,,,,,,,
소노펠리체CC 괌 탈로포포,몽키트래블,CCP (컨트리 클럽 오브 더 퍼시픽),2026-05-07,오후,,,,,168443.0,168375.0,167749.0,168090.0,168729.0,168397.0,167885.0,167509.0,167862.0,,,,,,,,,,,,,,,,,,,,,,
소노펠리체CC 괌 탈로포포,몽키트래블,CCP (컨트리 클럽 오브 더 퍼시픽),2026-05-08,오전,,,,,168443.0,168375.0,167749.0,168090.0,168729.0,168397.0,167885.0,167509.0,167862.0,,,,,,,,,,,,,,,,,,,,,,
소노펠리체CC 괌 탈로포포,몽키트래블,CCP (컨트리 클럽 오브 더 퍼시픽),2026-05-08,오후,,,,,168443.0,168375.0,167749.0,168090.0,168729.0,168397.0,167885.0,167509.0,167862.0,,,,,,,,,,,,,,,,,,,,,,
소노펠리체CC 괌 탈로포포,몽키트래블,CCP (컨트리 클럽 오브 더 퍼시픽),2026-05-09,오전,,,,,,168375.0,167749.0,168090.0,168729.0,168397.0,167885.0,167509.0,167862.0,,,,,,,,,,,,,,,,,,,,,,
소노펠리체CC 괌 탈로포포,몽키트래블,CCP (컨트리 클럽 오브 더 퍼시픽),2026-05-09,오후,,,,,,168375.0,167749.0,168090.0,168729.0,168397.0,167885.0,167509.0,167862.0,,,,,,,,,,,,,,,,,,,,,,
소노펠리체CC 괌 탈로포포,몽키트래블,CCP (컨트리 클럽 오브 더 퍼시픽),2026-05-10,오전,,,,,,168375.0,167749.0,168090.0,168729.0,168397.0,167885.0,167509.0,167862.0,166631.0,,,,,,,,,,,,,,,,,,,,,
소노펠리체CC 괌 탈로포포,몽키트래블,CCP (컨트리 클럽 오브 더 퍼시픽),2026-05-10,오후,,,,,,168375.0,167749.0,168090.0,168729.0,168397.0,167885.0,167509.0,167862.0,166631.0,,,,,,,,,,,,,,,,,,,,,
소노펠리체CC 괌 탈로포포,몽키트래블,CCP (컨트리 클럽 오브 더 퍼시픽),2026-05-11,오전,,,,,,,167749.0,168090.0,168729.0,168397.0,167885.0,167509.0,167862.0,166631.0,,,,,,,,,,,,,,,,,,,,,
소노펠리체CC 괌 탈로포포,몽키트래블,CCP (컨트리 클럽 오브 더 퍼시픽),2026-05-11,오후,,,,,,,167749.0,168090.0,168729.0,168397.0,167885.0,167509.0,167862.0,166631.0,,,,,,,,,,,,,,,,,,,,,
소노펠리체CC 괌 탈로포포,몽키트래블,CCP (컨트리 클럽 오브 더 퍼시픽),2026-05-12,오전,,,,,,,,168090.0,168729.0,168397.0,167885.0,167509.0,167862.0,166631.0,167543.0,,,,,,,,,,,,,,,,,,,,
소노펠리체CC 괌 탈로포포,몽키트래블,CCP (컨트리 클럽 오브 더 퍼시픽),2026-05-12,오후,,,,,,,,168090.0,168729.0,168397.0,167885.0,167509.0,167862.0,166631.0,167543.0,,,,,,,,,,,,,,,,,,,,
소노펠리체CC 괌 탈로포포,몽키트래블,CCP (컨트리 클럽 오브 더 퍼시픽),2026-05-13,오전,,,,,,,,,168729.0,168397.0,167885.0,167509.0,167862.0,166631.0,167543.0,168238.0,,,,,,,,,,,,,,,,,,,
소노펠리체CC 괌 탈로포포,몽키트래블,CCP (컨트리 클럽 오브 더 퍼시픽),2026-05-13,오후,,,,,,,,,168729.0,168397.0,167885.0,167509.0,167862.0,166631.0,167543.0,168238.0,,,,,,,,,,,,,,,,,,,
소노펠리체CC 괌 탈로포포,몽키트래블,CCP (컨트리 클럽 오브 더 퍼시픽),2026-05-14,오전,,,,,,,,,,168397.0,167885.0,167509.0,167862.0,166631.0,167543.0,168238.0,170141.0,,,,,,,,,,,,,,,,,,
소노펠리체CC 괌 탈로포포,몽키트래블,CCP (컨트리 클럽 오브 더 퍼시픽),2026-05-14,오후,,,,,,,,,,168397.0,167885.0,167509.0,167862.0,166631.0,167543.0,168238.0,170141.0,,,,,,,,,,,,,,,,,,
소노펠리체CC 괌 탈로포포,몽키트래블,CCP (컨트리 클럽 오브 더 퍼시픽),2026-05-15,오전,,,,,,,,,,,167885.0,167509.0,167862.0,166631.0,167543.0,168238.0,170141.0,169742.0,,,,,,,,,,,,,,,,,
소노펠리체CC 괌 탈로포포,몽키트래블,CCP (컨트리 클럽 오브 더 퍼시픽),2026-05-15,오후,,,,,,,,,,,167885.0,167509.0,167862.0,166631.0,167543.0,168238.0,170141.0,169742.0,,,,,,,,,,,,,,,,,
소노펠리체CC 괌 탈로포포,몽키트래블,CCP (컨트리 클럽 오브 더 퍼시픽),2026-05-16,오전,,,,,,,,,,,,167509.0,167862.0,166631.0,167543.0,168238.0,170141.0,169742.0,170084.0,,,,,,,,,,,,,,,,
소노펠리체CC 괌 탈로포포,몽키트래블,CCP (컨트리 클럽 오브 더 퍼시픽),2026-05-16,오후,,,,,,,,,,,,167509.0,167862.0,166631.0,167543.0,168238.0,170141.0,169742.0,170084.0,,,,,,,,,,,,,,,,
소노펠리체CC 괌 탈로포포,몽키트래블,CCP (컨트리 클럽 오브 더 퍼시픽),2026-05-17,오전,,,,,,,,,,,,167509.0,167862.0,166631.0,167543.0,168238.0,170141.0,169742.0,170084.0,170825.0,,,,,,,,,,,,,,,
소노펠리체CC 괌 탈로포포,몽키트래블,CCP (컨트리 클럽 오브 더 퍼시픽),2026-05-17,오후,,,,,,,,,,,,167509.0,167862.0,166631.0,167543.0,168238.0,170141.0,169742.0,170084.0,170825.0,,,,,,,,,,,,,,,
소노펠리체CC 괌 탈로포포,몽키트래블,CCP (컨트리 클럽 오브 더 퍼시픽),2026-05-18,오전,,,,,,,,,,,,167509.0,167862.0,166631.0,167543.0,168238.0,170141.0,169742.0,170084.0,170825.0,170940.0,,,,,,,,,,,,,,
소노펠리체CC 괌 탈로포포,몽키트래블,CCP (컨트리 클럽 오브 더 퍼시픽),2026-05-18,오후,,,,,,,,,,,,167509.0,167862.0,166631.0,167543.0,168238.0,170141.0,169742.0,170084.0,170825.0,170940.0,,,,,,,,,,,,,,
소노펠리체CC 괌 탈로포포,몽키트래블,CCP (컨트리 클럽 오브 더 퍼시픽),2026-05-19,오전,,,,,,,,,,,,,167862.0,166631.0,167543.0,168238.0,170141.0,169742.0,170084.0,170825.0,170940.0,170882.0,,,,,,,,,,,,,
소노펠리체CC 괌 탈로포포,몽키트래블,CCP (컨트리 클럽 오브 더 퍼시픽),2026-05-19,오후,,,,,,,,,,,,,167862.0,166631.0,167543.0,168238.0,170141.0,169742.0,170084.0,170825.0,170940.0,170882.0,,,,,,,,,,,,,
소노펠리체CC 괌 탈로포포,몽키트래블,CCP (컨트리 클럽 오브 더 퍼시픽),2026-05-20,오전,,,,,,,,,,,,,,166631.0,167543.0,168238.0,170141.0,169742.0,170084.0,170825.0,170940.0,170882.0,170141.0,,,,,,,,,,,,
소노펠리체CC 괌 탈로포포,몽키트래블,CCP (컨트리 클럽 오브 더 퍼시픽),2026-05-20,오후,,,,,,,,,,,,,,166631.0,167543.0,168238.0,170141.0,169742.0,170084.0,170825.0,170940.0,170882.0,170141.0,,,,,,,,,,,,
소노펠리체CC 괌 탈로포포,몽키트래블,CCP (컨트리 클럽 오브 더 퍼시픽),2026-05-21,오전,,,,,,,,,,,,,,166631.0,167543.0,168238.0,170141.0,169742.0,170084.0,170825.0,170940.0,170882.0,170141.0,,,,,,,,,,,,
소노펠리체CC 괌 탈로포포,몽키트래블,CCP (컨트리 클럽 오브 더 퍼시픽),2026-05-21,오후,,,,,,,,,,,,,,166631.0,167543.0,168238.0,170141.0,169742.0,170084.0,170825.0,170940.0,170882.0,170141.0,,,,,,,,,,,,
소노펠리체CC 괌 탈로포포,몽키트래블,CCP (컨트리 클럽 오브 더 퍼시픽),2026-05-22,오전,,,,,,,,,,,,,,166631.0,167543.0,168238.0,170141.0,169742.0,170084.0,170825.0,170940.0,170882.0,170141.0,,,,,,,,,,,,
소노펠리체CC 괌 탈로포포,몽키트래블,CCP (컨트리 클럽 오브 더 퍼시픽),2026-05-22,오후,,,,,,,,,,,,,,166631.0,167543.0,168238.0,170141.0,169742.0,170084.0,170825.0,170940.0,170882.0,170141.0,,,,,,,,,,,,
소노펠리체CC 괌 탈로포포,몽키트래블,CCP (컨트리 클럽 오브 더 퍼시픽),2026-05-23,오전,,,,,,,,,,,,,,166631.0,167543.0,168238.0,170141.0,169742.0,170084.0,170825.0,170940.0,170882.0,170141.0,,,,,,,,,,,,
소노펠리체CC 괌 탈로포포,몽키트래블,CCP (컨트리 클럽 오브 더 퍼시픽),2026-05-23,오후,,,,,,,,,,,,,,166631.0,167543.0,168238.0,170141.0,169742.0,170084.0,170825.0,170940.0,170882.0,170141.0,,,,,,,,,,,,
소노펠리체CC 괌 탈로포포,몽키트래블,CCP (컨트리 클럽 오브 더 퍼시픽),2026-05-24,오전,,,,,,,,,,,,,,,167543.0,168238.0,170141.0,169742.0,170084.0,170825.0,170940.0,170882.0,170141.0,,,,,,,,,,,,
소노펠리체CC 괌 탈로포포,몽키트래블,CCP (컨트리 클럽 오브 더 퍼시픽),2026-05-24,오후,,,,,,,,,,,,,,,167543.0,168238.0,170141.0,169742.0,170084.0,170825.0,170940.0,170882.0,170141.0,,,,,,,,,,,,
소노펠리체CC 괌 탈로포포,몽키트래블,CCP (컨트리 클럽 오브 더 퍼시픽),2026-05-25,오전,,,,,,,,,,,,,,,167543.0,168238.0,170141.0,169742.0,170084.0,170825.0,170940.0,170882.0,170141.0,173104.0,,,,,,,,,,,
소노펠리체CC 괌 탈로포포,몽키트래블,CCP (컨트리 클럽 오브 더 퍼시픽),2026-05-25,오후,,,,,,,,,,,,,,,167543.0,168238.0,170141.0,169742.0,170084.0,170825.0,170940.0,170882.0,170141.0,173104.0,,,,,,,,,,,
소노펠리체CC 괌 탈로포포,몽키트래블,CCP (컨트리 클럽 오브 더 퍼시픽),2026-05-26,오전,,,,,,,,,,,,,,,,168238.0,170141.0,169742.0,170084.0,170825.0,170940.0,170882.0,170141.0,173104.0,172649.0,,,,,,,,,,
소노펠리체CC 괌 탈로포포,몽키트래블,CCP (컨트리 클럽 오브 더 퍼시픽),2026-05-26,오후,,,,,,,,,,,,,,,,168238.0,170141.0,169742.0,170084.0,170825.0,170940.0,170882.0,170141.0,173104.0,172649.0,,,,,,,,,,
소노펠리체CC 괌 탈로포포,몽키트래블,CCP (컨트리 클럽 오브 더 퍼시픽),2026-05-27,오전,,,,,,,,,,,,,,,,,170141.0,169742.0,170084.0,170825.0,170940.0,170882.0,170141.0,173104.0,172649.0,172477.0,,,,,,,,,
소노펠리체CC 괌 탈로포포,몽키트래블,CCP (컨트리 클럽 오브 더 퍼시픽),2026-05-27,오후,,,,,,,,,,,,,,,,,170141.0,169742.0,170084.0,170825.0,170940.0,170882.0,170141.0,173104.0,172649.0,172477.0,,,,,,,,,
소노펠리체CC 괌 탈로포포,몽키트래블,CCP (컨트리 클럽 오브 더 퍼시픽),2026-05-28,오전,,,,,,,,,,,,,,,,,,169742.0,170084.0,170825.0,170940.0,170882.0,170141.0,173104.0,172649.0,172477.0,171566.0,,,,,,,,
소노펠리체CC 괌 탈로포포,몽키트래블,CCP (컨트리 클럽 오브 더 퍼시픽),2026-05-28,오후,,,,,,,,,,,,,,,,,,169742.0,170084.0,170825.0,170940.0,170882.0,170141.0,173104.0,172649.0,172477.0,171566.0,,,,,,,,
소노펠리체CC 괌 탈로포포,몽키트래블,CCP (컨트리 클럽 오브 더 퍼시픽),2026-05-29,오전,,,,,,,,,,,,,,,,,,,170084.0,170825.0,170940.0,170882.0,170141.0,173104.0,172649.0,172477.0,171566.0,171224.0,,,,,,,
소노펠리체CC 괌 탈로포포,몽키트래블,CCP (컨트리 클럽 오브 더 퍼시픽),2026-05-29,오후,,,,,,,,,,,,,,,,,,,170084.0,170825.0,170940.0,170882.0,170141.0,173104.0,172649.0,172477.0,171566.0,171224.0,,,,,,,
소노펠리체CC 괌 탈로포포,몽키트래블,CCP (컨트리 클럽 오브 더 퍼시픽),2026-05-30,오전,,,,,,,,,,,,,,,,,,,,170825.0,170940.0,170882.0,170141.0,173104.0,172649.0,172477.0,171566.0,171224.0,170597.0,,,,,,
소노펠리체CC 괌 탈로포포,몽키트래블,CCP (컨트리 클럽 오브 더 퍼시픽),2026-05-30,오후,,,,,,,,,,,,,,,,,,,,170825.0,170940.0,170882.0,170141.0,173104.0,172649.0,172477.0,171566.0,171224.0,170597.0,,,,,,
소노펠리체CC 괌 탈로포포,몽키트래블,CCP (컨트리 클럽 오브 더 퍼시픽),2026-05-31,오전,,,,,,,,,,,,,,,,,,,,,170940.0,170882.0,170141.0,173104.0,172649.0,172477.0,171566.0,171224.0,170597.0,171737.0,,,,,
소노펠리체CC 괌 탈로포포,몽키트래블,CCP (컨트리 클럽 오브 더 퍼시픽),2026-05-31,오후,,,,,,,,,,,,,,,,,,,,,170940.0,170882.0,170141.0,173104.0,172649.0,172477.0,171566.0,171224.0,170597.0,171737.0,,,,,
소노펠리체CC 괌 탈로포포,몽키트래블,CCP (컨트리 클럽 오브 더 퍼시픽),2026-06-01,오전,,,,,,,,,,,,,,,,,,,,,,170882.0,170141.0,173104.0,172649.0,172477.0,171566.0,171224.0,170597.0,171737.0,171737.0,,,,
소노펠리체CC 괌 탈로포포,몽키트래블,CCP (컨트리 클럽 오브 더 퍼시픽),2026-06-01,오후,,,,,,,,,,,,,,,,,,,,,,170882.0,170141.0,173104.0,172649.0,172477.0,171566.0,171224.0,170597.0,171737.0,171737.0,,,,
소노펠리체CC 괌 탈로포포,몽키트래블,CCP (컨트리 클럽 오브 더 퍼시픽),2026-06-02,오전,,,,,,,,,,,,,,,,,,,,,,,170141.0,173104.0,172649.0,172477.0,171566.0,171224.0,170597.0,171737.0,171737.0,171794.0,,,
소노펠리체CC 괌 탈로포포,몽키트래블,CCP (컨트리 클럽 오브 더 퍼시픽),2026-06-02,오후,,,,,,,,,,,,,,,,,,,,,,,170141.0,173104.0,172649.0,172477.0,171566.0,171224.0,170597.0,171737.0,171737.0,171794.0,,,
소노펠리체CC 괌 탈로포포,몽키트래블,CCP (컨트리 클럽 오브 더 퍼시픽),2026-06-03,오전,,,,,,,,,,,,,,,,,,,,,,,,173104.0,172649.0,172477.0,171566.0,171224.0,170597.0,171737.0,171737.0,171794.0,172420.0,,
소노펠리체CC 괌 탈로포포,몽키트래블,CCP (컨트리 클럽 오브 더 퍼시픽),2026-06-03,오후,,,,,,,,,,,,,,,,,,,,,,,,173104.0,172649.0,172477.0,171566.0,171224.0,170597.0,171737.0,171737.0,171794.0,172420.0,,
소노펠리체CC 괌 탈로포포,몽키트래블,CCP (컨트리 클럽 오브 더 퍼시픽),2026-06-04,오전,,,,,,,,,,,,,,,,,,,,,,,,173104.0,172649.0,172477.0,171566.0,171224.0,170597.0,171737.0,171737.0,171794.0,172420.0,173219.0,
소노펠리체CC 괌 탈로포포,몽키트래블,CCP (컨트리 클럽 오브 더 퍼시픽),2026-06-04,오후,,,,,,,,,,,,,,,,,,,,,,,,173104.0,172649.0,172477.0,171566.0,171224.0,170597.0,171737.0,171737.0,171794.0,172420.0,173219.0,
소노펠리체CC 괌 탈로포포,몽키트래블,CCP (컨트리 클럽 오브 더 퍼시픽),2026-06-05,오전,,,,,,,,,,,,,,,,,,,,,,,,173104.0,172649.0,172477.0,171566.0,171224.0,170597.0,171737.0,171737.0,171794.0,172420.0,173219.0,174529.0
소노펠리체CC 괌 탈로포포,몽키트래블,CCP (컨트리 클럽 오브 더 퍼시픽),2026-06-05,오후,,,,,,,,,,,,,,,,,,,,,,,,173104.0,172649.0,172477.0,171566.0,171224.0,170597.0,171737.0,171737.0,171794.0,172420.0,173219.0,174529.0
소노펠리체CC 괌 탈로포포,몽키트래블,CCP (컨트리 클럽 오브 더 퍼시픽),2026-06-06,오전,,,,,,,,,,,,,,,,,,,,,,,,173104.0,172649.0,172477.0,171566.0,171224.0,170597.0,171737.0,171737.0,171794.0,172420.0,173219.0,174529.0
소노펠리체CC 괌 탈로포포,몽키트래블,CCP (컨트리 클럽 오브 더 퍼시픽),2026-06-06,오후,,,,,,,,,,,,,,,,,,,,,,,,173104.0,172649.0,172477.0,171566.0,171224.0,170597.0,171737.0,171737.0,171794.0,172420.0,173219.0,174529.0
소노펠리체CC 괌 탈로포포,몽키트래블,CCP (컨트리 클럽 오브 더 퍼시픽),2026-06-07,오전,,,,,,,,,,,,,,,,,,,,,,,,173104.0,172649.0,172477.0,171566.0,171224.0,170597.0,171737.0,171737.0,171794.0,172420.0,173219.0,174529.0
소노펠리체CC 괌 탈로포포,몽키트래블,CCP (컨트리 클럽 오브 더 퍼시픽),2026-06-07,오후,,,,,,,,,,,,,,,,,,,,,,,,173104.0,172649.0,172477.0,171566.0,171224.0,170597.0,171737.0,171737.0,171794.0,172420.0,173219.0,174529.0
소노펠리체CC 괌 탈로포포,몽키트래블,CCP (컨트리 클럽 오브 더 퍼시픽),2026-06-08,오전,,,,,,,,,,,,,,,,,,,,,,,,,172649.0,172477.0,171566.0,171224.0,170597.0,171737.0,171737.0,171794.0,172420.0,173219.0,174529.0
소노펠리체CC 괌 탈로포포,몽키트래블,CCP (컨트리 클럽 오브 더 퍼시픽),2026-06-08,오후,,,,,,,,,,,,,,,,,,,,,,,,,172649.0,172477.0,171566.0,171224.0,170597.0,171737.0,171737.0,171794.0,172420.0,173219.0,174529.0
소노펠리체CC 괌 탈로포포,몽키트래블,CCP (컨트리 클럽 오브 더 퍼시픽),2026-06-09,오전,,,,,,,,,,,,,,,,,,,,,,,,,,172477.0,171566.0,171224.0,170597.0,171737.0,171737.0,171794.0,172420.0,173219.0,174529.0
소노펠리체CC 괌 탈로포포,몽키트래블,CCP (컨트리 클럽 오브 더 퍼시픽),2026-06-09,오후,,,,,,,,,,,,,,,,,,,,,,,,,,172477.0,171566.0,171224.0,170597.0,171737.0,171737.0,171794.0,172420.0,173219.0,174529.0
소노펠리체CC 괌 탈로포포,몽키트래블,CCP (컨트리 클럽 오브 더 퍼시픽),2026-06-10,오전,,,,,,,,,,,,,,,,,,,,,,,,,,,171566.0,171224.0,170597.0,171737.0,171737.0,171794.0,172420.0,173219.0,174529.0
소노펠리체CC 괌 탈로포포,몽키트래블,CCP (컨트리 클럽 오브 더 퍼시픽),2026-06-10,오후,,,,,,,,,,,,,,,,,,,,,,,,,,,171566.0,171224.0,170597.0,171737.0,171737.0,171794.0,172420.0,173219.0,174529.0
소노펠리체CC 괌 탈로포포,몽키트래블,CCP (컨트리 클럽 오브 더 퍼시픽),2026-06-11,오전,,,,,,,,,,,,,,,,,,,,,,,,,,,,171224.0,170597.0,171737.0,171737.0,171794.0,172420.0,173219.0,174529.0
소노펠리체CC 괌 탈로포포,몽키트래블,CCP (컨트리 클럽 오브 더 퍼시픽),2026-06-11,오후,,,,,,,,,,,,,,,,,,,,,,,,,,,,171224.0,170597.0,171737.0,171737.0,171794.0,172420.0,173219.0,174529.0
소노펠리체CC 괌 탈로포포,몽키트래블,CCP (컨트리 클럽 오브 더 퍼시픽),2026-06-12,오전,,,,,,,,,,,,,,,,,,,,,,,,,,,,,170597.0,171737.0,171737.0,171794.0,172420.0,173219.0,174529.0
소노펠리체CC 괌 탈로포포,몽키트래블,CCP (컨트리 클럽 오브 더 퍼시픽),2026-06-12,오후,,,,,,,,,,,,,,,,,,,,,,,,,,,,,170597.0,171737.0,171737.0,171794.0,172420.0,173219.0,174529.0
소노펠리체CC 괌 탈로포포,몽키트래블,CCP (컨트리 클럽 오브 더 퍼시픽),2026-06-13,오전,,,,,,,,,,,,,,,,,,,,,,,,,,,,,,171737.0,171737.0,171794.0,172420.0,173219.0,174529.0
소노펠리체CC 괌 탈로포포,몽키트래블,CCP (컨트리 클럽 오브 더 퍼시픽),2026-06-13,오후,,,,,,,,,,,,,,,,,,,,,,,,,,,,,,171737.0,171737.0,171794.0,172420.0,173219.0,174529.0
소노펠리체CC 괌 탈로포포,몽키트래블,CCP (컨트리 클럽 오브 더 퍼시픽),2026-06-14,오전,,,,,,,,,,,,,,,,,,,,,,,,,,,,,,,171737.0,171794.0,172420.0,173219.0,174529.0
소노펠리체CC 괌 탈로포포,몽키트래블,CCP (컨트리 클럽 오브 더 퍼시픽),2026-06-14,오후,,,,,,,,,,,,,,,,,,,,,,,,,,,,,,,171737.0,171794.0,172420.0,173219.0,174529.0
소노펠리체CC 괌 탈로포포,몽키트래블,CCP (컨트리 클럽 오브 더 퍼시픽),2026-06-15,오전,,,,,,,,,,,,,,,,,,,,,,,,,,,,,,,,171794.0,172420.0,173219.0,174529.0
소노펠리체CC 괌 탈로포포,몽키트래블,CCP (컨트리 클럽 오브 더 퍼시픽),2026-06-15,오후,,,,,,,,,,,,,,,,,,,,,,,,,,,,,,,,171794.0,172420.0,173219.0,174529.0
소노펠리체CC 괌 탈로포포,몽키트래블,CCP (컨트리 클럽 오브 더 퍼시픽),2026-06-16,오전,,,,,,,,,,,,,,,,,,,,,,,,,,,,,,,,,172420.0,173219.0,174529.0
소노펠리체CC 괌 탈로포포,몽키트래블,CCP (컨트리 클럽 오브 더 퍼시픽),2026-06-16,오후,,,,,,,,,,,,,,,,,,,,,,,,,,,,,,,,,172420.0,173219.0,174529.0
소노펠리체CC 괌 탈로포포,몽키트래블,CCP (컨트리 클럽 오브 더 퍼시픽),2026-06-17,오전,,,,,,,,,,,,,,,,,,,,,,,,,,,,,,,,,,173219.0,174529.0
소노펠리체CC 괌 탈로포포,몽키트래블,CCP (컨트리 클럽 오브 더 퍼시픽),2026-06-17,오후,,,,,,,,,,,,,,,,,,,,,,,,,,,,,,,,,,173219.0,174529.0
소노펠리체CC 괌 탈로포포,몽키트래블,CCP (컨트리 클럽 오브 더 퍼시픽),2026-06-18,오전,,,,,,,,,,,,,,,,,,,,,,,,,,,,,,,,,,,174529.0
소노펠리체CC 괌 탈로포포,몽키트래블,CCP (컨트리 클럽 오브 더 퍼시픽),2026-06-18,오후,,,,,,,,,,,,,,,,,,,,,,,,,,,,,,,,,,,174529.0
소노펠리체CC 괌 탈로포포,몽키트래블,레오팔레스 리조트 CC,2026-04-19,오전,171750.0,,,,,,,,,,,,,,,,,,,,,,,,,,,,,,,,,,
소노펠리체CC 괌 탈로포포,몽키트래블,레오팔레스 리조트 CC,2026-04-19,오후,171750.0,,,,,,,,,,,,,,,,,,,,,,,,,,,,,,,,,,
소노펠리체CC 괌 탈로포포,몽키트래블,레오팔레스 리조트 CC,2026-04-20,오전,171750.0,,,,,,,,,,,,,,,,,,,,,,,,,,,,,,,,,,
소노펠리체CC 괌 탈로포포,몽키트래블,레오팔레스 리조트 CC,2026-04-20,오후,171750.0,,,,,,,,,,,,,,,,,,,,,,,,,,,,,,,,,,
소노펠리체CC 괌 탈로포포,몽키트래블,레오팔레스 리조트 CC,2026-04-21,오전,171750.0,172077.0,,,,,,,,,,,,,,,,,,,,,,,,,,,,,,,,,
소노펠리체CC 괌 탈로포포,몽키트래블,레오팔레스 리조트 CC,2026-04-21,오후,171750.0,172077.0,,,,,,,,,,,,,,,,,,,,,,,,,,,,,,,,,
소노펠리체CC 괌 탈로포포,몽키트래블,레오팔레스 리조트 CC,2026-04-22,오전,171750.0,172077.0,172019.0,,,,,,,,,,,,,,,,,,,,,,,,,,,,,,,,
소노펠리체CC 괌 탈로포포,몽키트래블,레오팔레스 리조트 CC,2026-04-22,오후,171750.0,172077.0,172019.0,,,,,,,,,,,,,,,,,,,,,,,,,,,,,,,,
소노펠리체CC 괌 탈로포포,몽키트래블,레오팔레스 리조트 CC,2026-04-23,오전,171750.0,172077.0,172019.0,172991.0,,,,,,,,,,,,,,,,,,,,,,,,,,,,,,,
소노펠리체CC 괌 탈로포포,몽키트래블,레오팔레스 리조트 CC,2026-04-23,오후,171750.0,172077.0,172019.0,172991.0,,,,,,,,,,,,,,,,,,,,,,,,,,,,,,,
소노펠리체CC 괌 탈로포포,몽키트래블,레오팔레스 리조트 CC,2026-04-24,오전,171750.0,172077.0,172019.0,172991.0,,,,,,,,,,,,,,,,,,,,,,,,,,,,,,,
소노펠리체CC 괌 탈로포포,몽키트래블,레오팔레스 리조트 CC,2026-04-24,오후,171750.0,172077.0,172019.0,172991.0,,,,,,,,,,,,,,,,,,,,,,,,,,,,,,,
소노펠리체CC 괌 탈로포포,몽키트래블,레오팔레스 리조트 CC,2026-04-25,오전,171750.0,172077.0,172019.0,172991.0,172955.0,,,,,,,,,,,,,,,,,,,,,,,,,,,,,,
소노펠리체CC 괌 탈로포포,몽키트래블,레오팔레스 리조트 CC,2026-04-25,오후,171750.0,172077.0,172019.0,172991.0,172955.0,,,,,,,,,,,,,,,,,,,,,,,,,,,,,,
소노펠리체CC 괌 탈로포포,몽키트래블,레오팔레스 리조트 CC,2026-04-26,오전,171750.0,172077.0,172019.0,172991.0,172955.0,,,,,,,,,,,,,,,,,,,,,,,,,,,,,,
소노펠리체CC 괌 탈로포포,몽키트래블,레오팔레스 리조트 CC,2026-04-26,오후,171750.0,172077.0,172019.0,172991.0,172955.0,,,,,,,,,,,,,,,,,,,,,,,,,,,,,,
소노펠리체CC 괌 탈로포포,몽키트래블,레오팔레스 리조트 CC,2026-04-27,오전,171750.0,172077.0,172019.0,172991.0,172955.0,172885.0,,,,,,,,,,,,,,,,,,,,,,,,,,,,,
소노펠리체CC 괌 탈로포포,몽키트래블,레오팔레스 리조트 CC,2026-04-27,오후,171750.0,172077.0,172019.0,172991.0,172955.0,172885.0,,,,,,,,,,,,,,,,,,,,,,,,,,,,,
소노펠리체CC 괌 탈로포포,몽키트래블,레오팔레스 리조트 CC,2026-04-28,오전,171750.0,172077.0,172019.0,172991.0,172955.0,172885.0,172242.0,,,,,,,,,,,,,,,,,,,,,,,,,,,,
소노펠리체CC 괌 탈로포포,몽키트래블,레오팔레스 리조트 CC,2026-04-28,오후,171750.0,172077.0,172019.0,172991.0,172955.0,172885.0,172242.0,,,,,,,,,,,,,,,,,,,,,,,,,,,,
소노펠리체CC 괌 탈로포포,몽키트래블,레오팔레스 리조트 CC,2026-04-29,오전,171750.0,172077.0,172019.0,172991.0,172955.0,172885.0,172242.0,172593.0,,,,,,,,,,,,,,,,,,,,,,,,,,,
소노펠리체CC 괌 탈로포포,몽키트래블,레오팔레스 리조트 CC,2026-04-29,오후,171750.0,172077.0,172019.0,172991.0,172955.0,172885.0,172242.0,172593.0,,,,,,,,,,,,,,,,,,,,,,,,,,,
소노펠리체CC 괌 탈로포포,몽키트래블,레오팔레스 리조트 CC,2026-04-30,오전,171750.0,172077.0,172019.0,172991.0,172955.0,172885.0,172242.0,172593.0,173248.0,,,,,,,,,,,,,,,,,,,,,,,,,,
소노펠리체CC 괌 탈로포포,몽키트래블,레오팔레스 리조트 CC,2026-04-30,오후,171750.0,172077.0,172019.0,172991.0,172955.0,172885.0,172242.0,172593.0,173248.0,,,,,,,,,,,,,,,,,,,,,,,,,,
소노펠리체CC 괌 탈로포포,몽키트래블,레오팔레스 리조트 CC,2026-05-01,오전,171750.0,172077.0,172019.0,172991.0,172955.0,172885.0,172242.0,172593.0,173248.0,172908.0,,,,,,,,,,,,,,,,,,,,,,,,,
소노펠리체CC 괌 탈로포포,몽키트래블,레오팔레스 리조트 CC,2026-05-01,오후,171750.0,172077.0,172019.0,172991.0,172955.0,172885.0,172242.0,172593.0,173248.0,172908.0,,,,,,,,,,,,,,,,,,,,,,,,,
소노펠리체CC 괌 탈로포포,몽키트래블,레오팔레스 리조트 CC,2026-05-02,오전,171750.0,172077.0,172019.0,172991.0,172955.0,172885.0,172242.0,172593.0,173248.0,172908.0,172382.0,,,,,,,,,,,,,,,,,,,,,,,,
소노펠리체CC 괌 탈로포포,몽키트래블,레오팔레스 리조트 CC,2026-05-02,오후,171750.0,172077.0,172019.0,172991.0,172955.0,172885.0,172242.0,172593.0,173248.0,172908.0,172382.0,,,,,,,,,,,,,,,,,,,,,,,,
소노펠리체CC 괌 탈로포포,몽키트래블,레오팔레스 리조트 CC,2026-05-03,오전,,172077.0,172019.0,172991.0,172955.0,172885.0,172242.0,172593.0,173248.0,172908.0,172382.0,,,,,,,,,,,,,,,,,,,,,,,,
소노펠리체CC 괌 탈로포포,몽키트래블,레오팔레스 리조트 CC,2026-05-03,오후,,172077.0,172019.0,172991.0,172955.0,172885.0,172242.0,172593.0,173248.0,172908.0,172382.0,,,,,,,,,,,,,,,,,,,,,,,,
소노펠리체CC 괌 탈로포포,몽키트래블,레오팔레스 리조트 CC,2026-05-04,오전,,172077.0,172019.0,172991.0,172955.0,172885.0,172242.0,172593.0,173248.0,172908.0,172382.0,,,,,,,,,,,,,,,,,,,,,,,,
소노펠리체CC 괌 탈로포포,몽키트래블,레오팔레스 리조트 CC,2026-05-04,오후,,172077.0,172019.0,172991.0,172955.0,172885.0,172242.0,172593.0,173248.0,172908.0,172382.0,,,,,,,,,,,,,,,,,,,,,,,,
소노펠리체CC 괌 탈로포포,몽키트래블,레오팔레스 리조트 CC,2026-05-05,오전,,,172019.0,172991.0,172955.0,172885.0,172242.0,172593.0,173248.0,172908.0,172382.0,171996.0,,,,,,,,,,,,,,,,,,,,,,,
소노펠리체CC 괌 탈로포포,몽키트래블,레오팔레스 리조트 CC,2026-05-05,오후,,,172019.0,172991.0,172955.0,172885.0,172242.0,172593.0,173248.0,172908.0,172382.0,171996.0,,,,,,,,,,,,,,,,,,,,,,,
소노펠리체CC 괌 탈로포포,몽키트래블,레오팔레스 리조트 CC,2026-05-06,오전,,,,172991.0,172955.0,172885.0,172242.0,172593.0,173248.0,172908.0,172382.0,171996.0,172358.0,,,,,,,,,,,,,,,,,,,,,,
소노펠리체CC 괌 탈로포포,몽키트래블,레오팔레스 리조트 CC,2026-05-06,오후,,,,172991.0,172955.0,172885.0,172242.0,172593.0,173248.0,172908.0,172382.0,171996.0,172358.0,,,,,,,,,,,,,,,,,,,,,,
소노펠리체CC 괌 탈로포포,몽키트래블,레오팔레스 리조트 CC,2026-05-07,오전,,,,,172955.0,172885.0,172242.0,172593.0,173248.0,172908.0,172382.0,171996.0,172358.0,,,,,,,,,,,,,,,,,,,,,,
소노펠리체CC 괌 탈로포포,몽키트래블,레오팔레스 리조트 CC,2026-05-07,오후,,,,,172955.0,172885.0,172242.0,172593.0,173248.0,172908.0,172382.0,171996.0,172358.0,,,,,,,,,,,,,,,,,,,,,,
소노펠리체CC 괌 탈로포포,몽키트래블,레오팔레스 리조트 CC,2026-05-08,오전,,,,,172955.0,172885.0,172242.0,172593.0,173248.0,172908.0,172382.0,171996.0,172358.0,,,,,,,,,,,,,,,,,,,,,,
소노펠리체CC 괌 탈로포포,몽키트래블,레오팔레스 리조트 CC,2026-05-08,오후,,,,,172955.0,172885.0,172242.0,172593.0,173248.0,172908.0,172382.0,171996.0,172358.0,,,,,,,,,,,,,,,,,,,,,,
소노펠리체CC 괌 탈로포포,몽키트래블,레오팔레스 리조트 CC,2026-05-09,오전,,,,,,172885.0,172242.0,172593.0,173248.0,172908.0,172382.0,171996.0,172358.0,,,,,,,,,,,,,,,,,,,,,,
소노펠리체CC 괌 탈로포포,몽키트래블,레오팔레스 리조트 CC,2026-05-09,오후,,,,,,172885.0,172242.0,172593.0,173248.0,172908.0,172382.0,171996.0,172358.0,,,,,,,,,,,,,,,,,,,,,,
소노펠리체CC 괌 탈로포포,몽키트래블,레오팔레스 리조트 CC,2026-05-10,오전,,,,,,172885.0,172242.0,172593.0,173248.0,172908.0,172382.0,171996.0,172358.0,171094.0,,,,,,,,,,,,,,,,,,,,,
소노펠리체CC 괌 탈로포포,몽키트래블,레오팔레스 리조트 CC,2026-05-10,오후,,,,,,172885.0,172242.0,172593.0,173248.0,172908.0,172382.0,171996.0,172358.0,171094.0,,,,,,,,,,,,,,,,,,,,,
소노펠리체CC 괌 탈로포포,몽키트래블,레오팔레스 리조트 CC,2026-05-11,오전,,,,,,,172242.0,172593.0,173248.0,172908.0,172382.0,171996.0,172358.0,171094.0,,,,,,,,,,,,,,,,,,,,,
소노펠리체CC 괌 탈로포포,몽키트래블,레오팔레스 리조트 CC,2026-05-11,오후,,,,,,,172242.0,172593.0,173248.0,172908.0,172382.0,171996.0,172358.0,171094.0,,,,,,,,,,,,,,,,,,,,,
소노펠리체CC 괌 탈로포포,몽키트래블,레오팔레스 리조트 CC,2026-05-12,오전,,,,,,,,172593.0,173248.0,172908.0,172382.0,171996.0,172358.0,171094.0,172030.0,,,,,,,,,,,,,,,,,,,,
소노펠리체CC 괌 탈로포포,몽키트래블,레오팔레스 리조트 CC,2026-05-12,오후,,,,,,,,172593.0,173248.0,172908.0,172382.0,171996.0,172358.0,171094.0,172030.0,,,,,,,,,,,,,,,,,,,,
소노펠리체CC 괌 탈로포포,몽키트래블,레오팔레스 리조트 CC,2026-05-13,오전,,,,,,,,,173248.0,172908.0,172382.0,171996.0,172358.0,171094.0,172030.0,172744.0,,,,,,,,,,,,,,,,,,,
소노펠리체CC 괌 탈로포포,몽키트래블,레오팔레스 리조트 CC,2026-05-13,오후,,,,,,,,,173248.0,172908.0,172382.0,171996.0,172358.0,171094.0,172030.0,172744.0,,,,,,,,,,,,,,,,,,,
소노펠리체CC 괌 탈로포포,몽키트래블,레오팔레스 리조트 CC,2026-05-14,오전,,,,,,,,,,172908.0,172382.0,171996.0,172358.0,171094.0,172030.0,172744.0,174698.0,,,,,,,,,,,,,,,,,,
소노펠리체CC 괌 탈로포포,몽키트래블,레오팔레스 리조트 CC,2026-05-14,오후,,,,,,,,,,172908.0,172382.0,171996.0,172358.0,171094.0,172030.0,172744.0,174698.0,,,,,,,,,,,,,,,,,,
소노펠리체CC 괌 탈로포포,몽키트래블,레오팔레스 리조트 CC,2026-05-15,오전,,,,,,,,,,,172382.0,171996.0,172358.0,171094.0,172030.0,172744.0,174698.0,174289.0,,,,,,,,,,,,,,,,,
소노펠리체CC 괌 탈로포포,몽키트래블,레오팔레스 리조트 CC,2026-05-15,오후,,,,,,,,,,,172382.0,171996.0,172358.0,171094.0,172030.0,172744.0,174698.0,174289.0,,,,,,,,,,,,,,,,,
소노펠리체CC 괌 탈로포포,몽키트래블,레오팔레스 리조트 CC,2026-05-16,오전,,,,,,,,,,,,171996.0,172358.0,171094.0,172030.0,172744.0,174698.0,174289.0,174640.0,,,,,,,,,,,,,,,,
소노펠리체CC 괌 탈로포포,몽키트래블,레오팔레스 리조트 CC,2026-05-16,오후,,,,,,,,,,,,171996.0,172358.0,171094.0,172030.0,172744.0,174698.0,174289.0,174640.0,,,,,,,,,,,,,,,,
소노펠리체CC 괌 탈로포포,몽키트래블,레오팔레스 리조트 CC,2026-05-17,오전,,,,,,,,,,,,171996.0,172358.0,171094.0,172030.0,172744.0,174698.0,174289.0,174640.0,175401.0,,,,,,,,,,,,,,,
소노펠리체CC 괌 탈로포포,몽키트래블,레오팔레스 리조트 CC,2026-05-17,오후,,,,,,,,,,,,171996.0,172358.0,171094.0,172030.0,172744.0,174698.0,174289.0,174640.0,175401.0,,,,,,,,,,,,,,,
소노펠리체CC 괌 탈로포포,몽키트래블,레오팔레스 리조트 CC,2026-05-18,오전,,,,,,,,,,,,171996.0,172358.0,171094.0,172030.0,172744.0,174698.0,174289.0,174640.0,175401.0,175518.0,,,,,,,,,,,,,,
소노펠리체CC 괌 탈로포포,몽키트래블,레오팔레스 리조트 CC,2026-05-18,오후,,,,,,,,,,,,171996.0,172358.0,171094.0,172030.0,172744.0,174698.0,174289.0,174640.0,175401.0,175518.0,,,,,,,,,,,,,,
소노펠리체CC 괌 탈로포포,몽키트래블,레오팔레스 리조트 CC,2026-05-19,오전,,,,,,,,,,,,,172358.0,171094.0,172030.0,172744.0,174698.0,174289.0,174640.0,175401.0,175518.0,175460.0,,,,,,,,,,,,,
소노펠리체CC 괌 탈로포포,몽키트래블,레오팔레스 리조트 CC,2026-05-19,오후,,,,,,,,,,,,,172358.0,171094.0,172030.0,172744.0,174698.0,174289.0,174640.0,175401.0,175518.0,175460.0,,,,,,,,,,,,,
소노펠리체CC 괌 탈로포포,몽키트래블,레오팔레스 리조트 CC,2026-05-20,오전,,,,,,,,,,,,,,171094.0,172030.0,172744.0,174698.0,174289.0,174640.0,175401.0,175518.0,175460.0,174698.0,,,,,,,,,,,,
소노펠리체CC 괌 탈로포포,몽키트래블,레오팔레스 리조트 CC,2026-05-20,오후,,,,,,,,,,,,,,171094.0,172030.0,172744.0,174698.0,174289.0,174640.0,175401.0,175518.0,175460.0,174698.0,,,,,,,,,,,,
소노펠리체CC 괌 탈로포포,몽키트래블,레오팔레스 리조트 CC,2026-05-21,오전,,,,,,,,,,,,,,171094.0,172030.0,172744.0,174698.0,174289.0,174640.0,175401.0,175518.0,175460.0,174698.0,,,,,,,,,,,,
소노펠리체CC 괌 탈로포포,몽키트래블,레오팔레스 리조트 CC,2026-05-21,오후,,,,,,,,,,,,,,171094.0,172030.0,172744.0,174698.0,174289.0,174640.0,175401.0,175518.0,175460.0,174698.0,,,,,,,,,,,,
소노펠리체CC 괌 탈로포포,몽키트래블,레오팔레스 리조트 CC,2026-05-22,오전,,,,,,,,,,,,,,171094.0,172030.0,172744.0,174698.0,174289.0,174640.0,175401.0,175518.0,175460.0,174698.0,,,,,,,,,,,,
소노펠리체CC 괌 탈로포포,몽키트래블,레오팔레스 리조트 CC,2026-05-22,오후,,,,,,,,,,,,,,171094.0,172030.0,172744.0,174698.0,174289.0,174640.0,175401.0,175518.0,175460.0,174698.0,,,,,,,,,,,,
소노펠리체CC 괌 탈로포포,몽키트래블,레오팔레스 리조트 CC,2026-05-23,오전,,,,,,,,,,,,,,171094.0,172030.0,172744.0,174698.0,174289.0,174640.0,175401.0,175518.0,175460.0,174698.0,,,,,,,,,,,,
소노펠리체CC 괌 탈로포포,몽키트래블,레오팔레스 리조트 CC,2026-05-23,오후,,,,,,,,,,,,,,171094.0,172030.0,172744.0,174698.0,174289.0,174640.0,175401.0,175518.0,175460.0,174698.0,,,,,,,,,,,,
소노펠리체CC 괌 탈로포포,몽키트래블,레오팔레스 리조트 CC,2026-05-24,오전,,,,,,,,,,,,,,,172030.0,172744.0,174698.0,174289.0,174640.0,175401.0,175518.0,175460.0,174698.0,,,,,,,,,,,,
소노펠리체CC 괌 탈로포포,몽키트래블,레오팔레스 리조트 CC,2026-05-24,오후,,,,,,,,,,,,,,,172030.0,172744.0,174698.0,174289.0,174640.0,175401.0,175518.0,175460.0,174698.0,,,,,,,,,,,,
소노펠리체CC 괌 탈로포포,몽키트래블,레오팔레스 리조트 CC,2026-05-25,오전,,,,,,,,,,,,,,,172030.0,172744.0,174698.0,174289.0,174640.0,175401.0,175518.0,175460.0,174698.0,177741.0,,,,,,,,,,,
소노펠리체CC 괌 탈로포포,몽키트래블,레오팔레스 리조트 CC,2026-05-25,오후,,,,,,,,,,,,,,,172030.0,172744.0,174698.0,174289.0,174640.0,175401.0,175518.0,175460.0,174698.0,177741.0,,,,,,,,,,,
소노펠리체CC 괌 탈로포포,몽키트래블,레오팔레스 리조트 CC,2026-05-26,오전,,,,,,,,,,,,,,,,172744.0,174698.0,174289.0,174640.0,175401.0,175518.0,175460.0,174698.0,177741.0,177273.0,,,,,,,,,,
소노펠리체CC 괌 탈로포포,몽키트래블,레오팔레스 리조트 CC,2026-05-26,오후,,,,,,,,,,,,,,,,172744.0,174698.0,174289.0,174640.0,175401.0,175518.0,175460.0,174698.0,177741.0,177273.0,,,,,,,,,,
소노펠리체CC 괌 탈로포포,몽키트래블,레오팔레스 리조트 CC,2026-05-27,오전,,,,,,,,,,,,,,,,,174698.0,174289.0,174640.0,175401.0,175518.0,175460.0,174698.0,177741.0,177273.0,177097.0,,,,,,,,,
소노펠리체CC 괌 탈로포포,몽키트래블,레오팔레스 리조트 CC,2026-05-27,오후,,,,,,,,,,,,,,,,,174698.0,174289.0,174640.0,175401.0,175518.0,175460.0,174698.0,177741.0,177273.0,177097.0,,,,,,,,,
소노펠리체CC 괌 탈로포포,몽키트래블,레오팔레스 리조트 CC,2026-05-28,오전,,,,,,,,,,,,,,,,,,174289.0,174640.0,175401.0,175518.0,175460.0,174698.0,177741.0,177273.0,177097.0,176161.0,,,,,,,,
소노펠리체CC 괌 탈로포포,몽키트래블,레오팔레스 리조트 CC,2026-05-28,오후,,,,,,,,,,,,,,,,,,174289.0,174640.0,175401.0,175518.0,175460.0,174698.0,177741.0,177273.0,177097.0,176161.0,,,,,,,,
소노펠리체CC 괌 탈로포포,몽키트래블,레오팔레스 리조트 CC,2026-05-29,오전,,,,,,,,,,,,,,,,,,,174640.0,175401.0,175518.0,175460.0,174698.0,177741.0,177273.0,177097.0,176161.0,175810.0,,,,,,,
소노펠리체CC 괌 탈로포포,몽키트래블,레오팔레스 리조트 CC,2026-05-29,오후,,,,,,,,,,,,,,,,,,,174640.0,175401.0,175518.0,175460.0,174698.0,177741.0,177273.0,177097.0,176161.0,175810.0,,,,,,,
소노펠리체CC 괌 탈로포포,몽키트래블,레오팔레스 리조트 CC,2026-05-30,오전,,,,,,,,,,,,,,,,,,,,175401.0,175518.0,175460.0,174698.0,177741.0,177273.0,177097.0,176161.0,175810.0,175166.0,,,,,,
소노펠리체CC 괌 탈로포포,몽키트래블,레오팔레스 리조트 CC,2026-05-30,오후,,,,,,,,,,,,,,,,,,,,175401.0,175518.0,175460.0,174698.0,177741.0,177273.0,177097.0,176161.0,175810.0,175166.0,,,,,,
소노펠리체CC 괌 탈로포포,몽키트래블,레오팔레스 리조트 CC,2026-05-31,오전,,,,,,,,,,,,,,,,,,,,,175518.0,175460.0,174698.0,177741.0,177273.0,177097.0,176161.0,175810.0,175166.0,176337.0,,,,,
소노펠리체CC 괌 탈로포포,몽키트래블,레오팔레스 리조트 CC,2026-05-31,오후,,,,,,,,,,,,,,,,,,,,,175518.0,175460.0,174698.0,177741.0,177273.0,177097.0,176161.0,175810.0,175166.0,176337.0,,,,,
소노펠리체CC 괌 탈로포포,몽키트래블,레오팔레스 리조트 CC,2026-06-01,오전,,,,,,,,,,,,,,,,,,,,,,175460.0,174698.0,177741.0,177273.0,177097.0,176161.0,175810.0,175166.0,176337.0,176337.0,,,,
소노펠리체CC 괌 탈로포포,몽키트래블,레오팔레스 리조트 CC,2026-06-01,오후,,,,,,,,,,,,,,,,,,,,,,175460.0,174698.0,177741.0,177273.0,177097.0,176161.0,175810.0,175166.0,176337.0,176337.0,,,,
소노펠리체CC 괌 탈로포포,몽키트래블,레오팔레스 리조트 CC,2026-06-02,오전,,,,,,,,,,,,,,,,,,,,,,,174698.0,177741.0,177273.0,177097.0,176161.0,175810.0,175166.0,176337.0,176337.0,176396.0,,,
소노펠리체CC 괌 탈로포포,몽키트래블,레오팔레스 리조트 CC,2026-06-02,오후,,,,,,,,,,,,,,,,,,,,,,,174698.0,177741.0,177273.0,177097.0,176161.0,175810.0,175166.0,176337.0,176337.0,176396.0,,,
소노펠리체CC 괌 탈로포포,몽키트래블,레오팔레스 리조트 CC,2026-06-03,오전,,,,,,,,,,,,,,,,,,,,,,,,177741.0,177273.0,177097.0,176161.0,175810.0,175166.0,176337.0,176337.0,176396.0,177039.0,,
소노펠리체CC 괌 탈로포포,몽키트래블,레오팔레스 리조트 CC,2026-06-03,오후,,,,,,,,,,,,,,,,,,,,,,,,177741.0,177273.0,177097.0,176161.0,175810.0,175166.0,176337.0,176337.0,176396.0,177039.0,,
소노펠리체CC 괌 탈로포포,몽키트래블,레오팔레스 리조트 CC,2026-06-04,오전,,,,,,,,,,,,,,,,,,,,,,,,177741.0,177273.0,177097.0,176161.0,175810.0,175166.0,176337.0,176337.0,176396.0,177039.0,177859.0,
소노펠리체CC 괌 탈로포포,몽키트래블,레오팔레스 리조트 CC,2026-06-04,오후,,,,,,,,,,,,,,,,,,,,,,,,177741.0,177273.0,177097.0,176161.0,175810.0,175166.0,176337.0,176337.0,176396.0,177039.0,177859.0,
소노펠리체CC 괌 탈로포포,몽키트래블,레오팔레스 리조트 CC,2026-06-05,오전,,,,,,,,,,,,,,,,,,,,,,,,177741.0,177273.0,177097.0,176161.0,175810.0,175166.0,176337.0,176337.0,176396.0,177039.0,177859.0,179204.0
소노펠리체CC 괌 탈로포포,몽키트래블,레오팔레스 리조트 CC,2026-06-05,오후,,,,,,,,,,,,,,,,,,,,,,,,177741.0,177273.0,177097.0,176161.0,175810.0,175166.0,176337.0,176337.0,176396.0,177039.0,177859.0,179204.0
소노펠리체CC 괌 탈로포포,몽키트래블,레오팔레스 리조트 CC,2026-06-06,오전,,,,,,,,,,,,,,,,,,,,,,,,177741.0,177273.0,177097.0,176161.0,175810.0,175166.0,176337.0,176337.0,176396.0,177039.0,177859.0,179204.0
소노펠리체CC 괌 탈로포포,몽키트래블,레오팔레스 리조트 CC,2026-06-06,오후,,,,,,,,,,,,,,,,,,,,,,,,177741.0,177273.0,177097.0,176161.0,175810.0,175166.0,176337.0,176337.0,176396.0,177039.0,177859.0,179204.0
소노펠리체CC 괌 탈로포포,몽키트래블,레오팔레스 리조트 CC,2026-06-07,오전,,,,,,,,,,,,,,,,,,,,,,,,177741.0,177273.0,177097.0,176161.0,175810.0,175166.0,176337.0,176337.0,176396.0,177039.0,177859.0,179204.0
소노펠리체CC 괌 탈로포포,몽키트래블,레오팔레스 리조트 CC,2026-06-07,오후,,,,,,,,,,,,,,,,,,,,,,,,177741.0,177273.0,177097.0,176161.0,175810.0,175166.0,176337.0,176337.0,176396.0,177039.0,177859.0,179204.0
소노펠리체CC 괌 탈로포포,몽키트래블,레오팔레스 리조트 CC,2026-06-08,오전,,,,,,,,,,,,,,,,,,,,,,,,,177273.0,177097.0,176161.0,175810.0,175166.0,176337.0,176337.0,176396.0,177039.0,177859.0,179204.0
소노펠리체CC 괌 탈로포포,몽키트래블,레오팔레스 리조트 CC,2026-06-08,오후,,,,,,,,,,,,,,,,,,,,,,,,,177273.0,177097.0,176161.0,175810.0,175166.0,176337.0,176337.0,176396.0,177039.0,177859.0,179204.0
소노펠리체CC 괌 탈로포포,몽키트래블,레오팔레스 리조트 CC,2026-06-09,오전,,,,,,,,,,,,,,,,,,,,,,,,,,177097.0,176161.0,175810.0,175166.0,176337.0,176337.0,176396.0,177039.0,177859.0,179204.0
소노펠리체CC 괌 탈로포포,몽키트래블,레오팔레스 리조트 CC,2026-06-09,오후,,,,,,,,,,,,,,,,,,,,,,,,,,177097.0,176161.0,175810.0,175166.0,176337.0,176337.0,176396.0,177039.0,177859.0,179204.0
소노펠리체CC 괌 탈로포포,몽키트래블,레오팔레스 리조트 CC,2026-06-10,오전,,,,,,,,,,,,,,,,,,,,,,,,,,,176161.0,175810.0,175166.0,176337.0,176337.0,176396.0,177039.0,177859.0,179204.0
소노펠리체CC 괌 탈로포포,몽키트래블,레오팔레스 리조트 CC,2026-06-10,오후,,,,,,,,,,,,,,,,,,,,,,,,,,,176161.0,175810.0,175166.0,176337.0,176337.0,176396.0,177039.0,177859.0,179204.0
소노펠리체CC 괌 탈로포포,몽키트래블,레오팔레스 리조트 CC,2026-06-11,오전,,,,,,,,,,,,,,,,,,,,,,,,,,,,175810.0,175166.0,176337.0,176337.0,176396.0,177039.0,177859.0,179204.0
소노펠리체CC 괌 탈로포포,몽키트래블,레오팔레스 리조트 CC,2026-06-11,오후,,,,,,,,,,,,,,,,,,,,,,,,,,,,175810.0,175166.0,176337.0,176337.0,176396.0,177039.0,177859.0,179204.0
소노펠리체CC 괌 탈로포포,몽키트래블,레오팔레스 리조트 CC,2026-06-12,오전,,,,,,,,,,,,,,,,,,,,,,,,,,,,,175166.0,176337.0,176337.0,176396.0,177039.0,177859.0,179204.0
소노펠리체CC 괌 탈로포포,몽키트래블,레오팔레스 리조트 CC,2026-06-12,오후,,,,,,,,,,,,,,,,,,,,,,,,,,,,,175166.0,176337.0,176337.0,176396.0,177039.0,177859.0,179204.0
소노펠리체CC 괌 탈로포포,몽키트래블,레오팔레스 리조트 CC,2026-06-13,오전,,,,,,,,,,,,,,,,,,,,,,,,,,,,,,176337.0,176337.0,176396.0,177039.0,177859.0,179204.0
소노펠리체CC 괌 탈로포포,몽키트래블,레오팔레스 리조트 CC,2026-06-13,오후,,,,,,,,,,,,,,,,,,,,,,,,,,,,,,176337.0,176337.0,176396.0,177039.0,177859.0,179204.0
소노펠리체CC 괌 탈로포포,몽키트래블,레오팔레스 리조트 CC,2026-06-14,오전,,,,,,,,,,,,,,,,,,,,,,,,,,,,,,,176337.0,176396.0,177039.0,177859.0,179204.0
소노펠리체CC 괌 탈로포포,몽키트래블,레오팔레스 리조트 CC,2026-06-14,오후,,,,,,,,,,,,,,,,,,,,,,,,,,,,,,,176337.0,176396.0,177039.0,177859.0,179204.0
소노펠리체CC 괌 탈로포포,몽키트래블,레오팔레스 리조트 CC,2026-06-15,오전,,,,,,,,,,,,,,,,,,,,,,,,,,,,,,,,176396.0,177039.0,177859.0,179204.0
소노펠리체CC 괌 탈로포포,몽키트래블,레오팔레스 리조트 CC,2026-06-15,오후,,,,,,,,,,,,,,,,,,,,,,,,,,,,,,,,176396.0,177039.0,177859.0,179204.0
소노펠리체CC 괌 탈로포포,몽키트래블,레오팔레스 리조트 CC,2026-06-16,오전,,,,,,,,,,,,,,,,,,,,,,,,,,,,,,,,,177039.0,177859.0,179204.0
소노펠리체CC 괌 탈로포포,몽키트래블,레오팔레스 리조트 CC,2026-06-16,오후,,,,,,,,,,,,,,,,,,,,,,,,,,,,,,,,,177039.0,177859.0,179204.0
소노펠리체CC 괌 탈로포포,몽키트래블,레오팔레스 리조트 CC,2026-06-17,오전,,,,,,,,,,,,,,,,,,,,,,,,,,,,,,,,,,177859.0,179204.0
소노펠리체CC 괌 탈로포포,몽키트래블,레오팔레스 리조트 CC,2026-06-17,오후,,,,,,,,,,,,,,,,,,,,,,,,,,,,,,,,,,177859.0,179204.0
소노펠리체CC 괌 탈로포포,몽키트래블,레오팔레스 리조트 CC,2026-06-18,오전,,,,,,,,,,,,,,,,,,,,,,,,,,,,,,,,,,,179204.0
소노펠리체CC 괌 탈로포포,몽키트래블,레오팔레스 리조트 CC,2026-06-18,오후,,,,,,,,,,,,,,,,,,,,,,,,,,,,,,,,,,,179204.0
소노펠리체CC 괌 탈로포포,몽키트래블,탈로포포 골프 클럽,2026-04-19,오전,216554.0,,,,,,,,,,,,,,,,,,,,,,,,,,,,,,,,,,
소노펠리체CC 괌 탈로포포,몽키트래블,탈로포포 골프 클럽,2026-04-20,오전,216554.0,,,,,,,,,,,,,,,,,,,,,,,,,,,,,,,,,,
소노펠리체CC 괌 탈로포포,몽키트래블,탈로포포 골프 클럽,2026-04-20,오후,216554.0,,,,,,,,,,,,,,,,,,,,,,,,,,,,,,,,,,
소노펠리체CC 괌 탈로포포,몽키트래블,탈로포포 골프 클럽,2026-04-21,오전,216554.0,216967.0,,,,,,,,,,,,,,,,,,,,,,,,,,,,,,,,,
소노펠리체CC 괌 탈로포포,몽키트래블,탈로포포 골프 클럽,2026-04-21,오후,216554.0,216967.0,,,,,,,,,,,,,,,,,,,,,,,,,,,,,,,,,
소노펠리체CC 괌 탈로포포,몽키트래블,탈로포포 골프 클럽,2026-04-22,오전,216554.0,216967.0,216893.0,,,,,,,,,,,,,,,,,,,,,,,,,,,,,,,,
소노펠리체CC 괌 탈로포포,몽키트래블,탈로포포 골프 클럽,2026-04-22,오후,216554.0,216967.0,216893.0,,,,,,,,,,,,,,,,,,,,,,,,,,,,,,,,
소노펠리체CC 괌 탈로포포,몽키트래블,탈로포포 골프 클럽,2026-04-23,오전,216554.0,216967.0,216893.0,218119.0,,,,,,,,,,,,,,,,,,,,,,,,,,,,,,,
소노펠리체CC 괌 탈로포포,몽키트래블,탈로포포 골프 클럽,2026-04-23,오후,216554.0,216967.0,216893.0,218119.0,,,,,,,,,,,,,,,,,,,,,,,,,,,,,,,
소노펠리체CC 괌 탈로포포,몽키트래블,탈로포포 골프 클럽,2026-04-24,오전,216554.0,216967.0,216893.0,218119.0,,,,,,,,,,,,,,,,,,,,,,,,,,,,,,,
소노펠리체CC 괌 탈로포포,몽키트래블,탈로포포 골프 클럽,2026-04-24,오후,216554.0,216967.0,216893.0,218119.0,,,,,,,,,,,,,,,,,,,,,,,,,,,,,,,
소노펠리체CC 괌 탈로포포,몽키트래블,탈로포포 골프 클럽,2026-04-25,오전,216554.0,216967.0,216893.0,218119.0,218074.0,,,,,,,,,,,,,,,,,,,,,,,,,,,,,,
소노펠리체CC 괌 탈로포포,몽키트래블,탈로포포 골프 클럽,2026-04-26,오전,216554.0,216967.0,216893.0,218119.0,218074.0,,,,,,,,,,,,,,,,,,,,,,,,,,,,,,
소노펠리체CC 괌 탈로포포,몽키트래블,탈로포포 골프 클럽,2026-04-27,오전,216554.0,216967.0,216893.0,218119.0,218074.0,217985.0,,,,,,,,,,,,,,,,,,,,,,,,,,,,,
소노펠리체CC 괌 탈로포포,몽키트래블,탈로포포 골프 클럽,2026-04-27,오후,216554.0,216967.0,216893.0,218119.0,218074.0,217985.0,,,,,,,,,,,,,,,,,,,,,,,,,,,,,
소노펠리체CC 괌 탈로포포,몽키트래블,탈로포포 골프 클럽,2026-04-28,오전,216554.0,216967.0,216893.0,218119.0,218074.0,217985.0,217175.0,,,,,,,,,,,,,,,,,,,,,,,,,,,,
소노펠리체CC 괌 탈로포포,몽키트래블,탈로포포 골프 클럽,2026-04-28,오후,216554.0,216967.0,216893.0,218119.0,218074.0,217985.0,217175.0,,,,,,,,,,,,,,,,,,,,,,,,,,,,
소노펠리체CC 괌 탈로포포,몽키트래블,탈로포포 골프 클럽,2026-04-29,오전,216554.0,216967.0,216893.0,218119.0,218074.0,217985.0,217175.0,217617.0,,,,,,,,,,,,,,,,,,,,,,,,,,,
소노펠리체CC 괌 탈로포포,몽키트래블,탈로포포 골프 클럽,2026-04-29,오후,216554.0,216967.0,216893.0,218119.0,218074.0,217985.0,217175.0,217617.0,,,,,,,,,,,,,,,,,,,,,,,,,,,
소노펠리체CC 괌 탈로포포,몽키트래블,탈로포포 골프 클럽,2026-04-30,오전,216554.0,216967.0,216893.0,218119.0,218074.0,217985.0,217175.0,217617.0,218443.0,,,,,,,,,,,,,,,,,,,,,,,,,,
소노펠리체CC 괌 탈로포포,몽키트래블,탈로포포 골프 클럽,2026-04-30,오후,216554.0,216967.0,216893.0,218119.0,218074.0,217985.0,217175.0,217617.0,218443.0,,,,,,,,,,,,,,,,,,,,,,,,,,
소노펠리체CC 괌 탈로포포,몽키트래블,탈로포포 골프 클럽,2026-05-01,오전,216554.0,216967.0,216893.0,218119.0,218074.0,217985.0,217175.0,217617.0,218443.0,218014.0,,,,,,,,,,,,,,,,,,,,,,,,,
소노펠리체CC 괌 탈로포포,몽키트래블,탈로포포 골프 클럽,2026-05-01,오후,216554.0,216967.0,216893.0,218119.0,218074.0,217985.0,217175.0,217617.0,218443.0,218014.0,,,,,,,,,,,,,,,,,,,,,,,,,
소노펠리체CC 괌 탈로포포,몽키트래블,탈로포포 골프 클럽,2026-05-02,오전,216554.0,216967.0,216893.0,218119.0,218074.0,217985.0,217175.0,217617.0,218443.0,218014.0,217352.0,,,,,,,,,,,,,,,,,,,,,,,,
소노펠리체CC 괌 탈로포포,몽키트래블,탈로포포 골프 클럽,2026-05-03,오전,,216967.0,216893.0,218119.0,218074.0,217985.0,217175.0,217617.0,218443.0,218014.0,217352.0,,,,,,,,,,,,,,,,,,,,,,,,
소노펠리체CC 괌 탈로포포,몽키트래블,탈로포포 골프 클럽,2026-05-04,오전,,216967.0,216893.0,218119.0,218074.0,217985.0,217175.0,217617.0,218443.0,218014.0,217352.0,,,,,,,,,,,,,,,,,,,,,,,,
소노펠리체CC 괌 탈로포포,몽키트래블,탈로포포 골프 클럽,2026-05-04,오후,,216967.0,216893.0,218119.0,218074.0,217985.0,217175.0,217617.0,218443.0,218014.0,217352.0,,,,,,,,,,,,,,,,,,,,,,,,
소노펠리체CC 괌 탈로포포,몽키트래블,탈로포포 골프 클럽,2026-05-05,오전,,,216893.0,218119.0,218074.0,217985.0,217175.0,217617.0,218443.0,218014.0,217352.0,216864.0,,,,,,,,,,,,,,,,,,,,,,,
소노펠리체CC 괌 탈로포포,몽키트래블,탈로포포 골프 클럽,2026-05-05,오후,,,216893.0,218119.0,218074.0,217985.0,217175.0,217617.0,218443.0,218014.0,217352.0,216864.0,,,,,,,,,,,,,,,,,,,,,,,
소노펠리체CC 괌 탈로포포,몽키트래블,탈로포포 골프 클럽,2026-05-06,오전,,,,218119.0,218074.0,217985.0,217175.0,217617.0,218443.0,218014.0,217352.0,216864.0,217321.0,,,,,,,,,,,,,,,,,,,,,,
소노펠리체CC 괌 탈로포포,몽키트래블,탈로포포 골프 클럽,2026-05-06,오후,,,,218119.0,218074.0,217985.0,217175.0,217617.0,218443.0,218014.0,217352.0,216864.0,217321.0,,,,,,,,,,,,,,,,,,,,,,
소노펠리체CC 괌 탈로포포,몽키트래블,탈로포포 골프 클럽,2026-05-07,오전,,,,,218074.0,217985.0,217175.0,217617.0,218443.0,218014.0,217352.0,216864.0,217321.0,,,,,,,,,,,,,,,,,,,,,,
소노펠리체CC 괌 탈로포포,몽키트래블,탈로포포 골프 클럽,2026-05-07,오후,,,,,218074.0,217985.0,217175.0,217617.0,218443.0,218014.0,217352.0,216864.0,217321.0,,,,,,,,,,,,,,,,,,,,,,
소노펠리체CC 괌 탈로포포,몽키트래블,탈로포포 골프 클럽,2026-05-08,오전,,,,,218074.0,217985.0,217175.0,217617.0,218443.0,218014.0,217352.0,216864.0,217321.0,,,,,,,,,,,,,,,,,,,,,,
소노펠리체CC 괌 탈로포포,몽키트래블,탈로포포 골프 클럽,2026-05-08,오후,,,,,218074.0,217985.0,217175.0,217617.0,218443.0,218014.0,217352.0,216864.0,217321.0,,,,,,,,,,,,,,,,,,,,,,
소노펠리체CC 괌 탈로포포,몽키트래블,탈로포포 골프 클럽,2026-05-09,오전,,,,,,217985.0,217175.0,217617.0,218443.0,218014.0,217352.0,216864.0,217321.0,,,,,,,,,,,,,,,,,,,,,,
소노펠리체CC 괌 탈로포포,몽키트래블,탈로포포 골프 클럽,2026-05-10,오전,,,,,,217985.0,217175.0,217617.0,218443.0,218014.0,217352.0,216864.0,217321.0,215728.0,,,,,,,,,,,,,,,,,,,,,
소노펠리체CC 괌 탈로포포,몽키트래블,탈로포포 골프 클럽,2026-05-11,오전,,,,,,,217175.0,217617.0,218443.0,218014.0,217352.0,216864.0,217321.0,215728.0,,,,,,,,,,,,,,,,,,,,,
소노펠리체CC 괌 탈로포포,몽키트래블,탈로포포 골프 클럽,2026-05-11,오후,,,,,,,217175.0,217617.0,218443.0,218014.0,217352.0,216864.0,217321.0,215728.0,,,,,,,,,,,,,,,,,,,,,
소노펠리체CC 괌 탈로포포,몽키트래블,탈로포포 골프 클럽,2026-05-12,오전,,,,,,,,217617.0,218443.0,218014.0,217352.0,216864.0,217321.0,215728.0,216908.0,,,,,,,,,,,,,,,,,,,,
소노펠리체CC 괌 탈로포포,몽키트래블,탈로포포 골프 클럽,2026-05-12,오후,,,,,,,,217617.0,218443.0,218014.0,217352.0,216864.0,217321.0,215728.0,216908.0,,,,,,,,,,,,,,,,,,,,
소노펠리체CC 괌 탈로포포,몽키트래블,탈로포포 골프 클럽,2026-05-13,오전,,,,,,,,,218443.0,218014.0,217352.0,216864.0,217321.0,215728.0,216908.0,217808.0,,,,,,,,,,,,,,,,,,,
소노펠리체CC 괌 탈로포포,몽키트래블,탈로포포 골프 클럽,2026-05-13,오후,,,,,,,,,218443.0,218014.0,217352.0,216864.0,217321.0,215728.0,216908.0,217808.0,,,,,,,,,,,,,,,,,,,
소노펠리체CC 괌 탈로포포,몽키트래블,탈로포포 골프 클럽,2026-05-14,오전,,,,,,,,,,218014.0,217352.0,216864.0,217321.0,215728.0,216908.0,217808.0,220272.0,,,,,,,,,,,,,,,,,,
소노펠리체CC 괌 탈로포포,몽키트래블,탈로포포 골프 클럽,2026-05-14,오후,,,,,,,,,,218014.0,217352.0,216864.0,217321.0,215728.0,216908.0,217808.0,220272.0,,,,,,,,,,,,,,,,,,
소노펠리체CC 괌 탈로포포,몽키트래블,탈로포포 골프 클럽,2026-05-15,오전,,,,,,,,,,,217352.0,216864.0,217321.0,215728.0,216908.0,217808.0,220272.0,219756.0,,,,,,,,,,,,,,,,,
소노펠리체CC 괌 탈로포포,몽키트래블,탈로포포 골프 클럽,2026-05-15,오후,,,,,,,,,,,217352.0,216864.0,217321.0,215728.0,216908.0,217808.0,220272.0,219756.0,,,,,,,,,,,,,,,,,
소노펠리체CC 괌 탈로포포,몽키트래블,탈로포포 골프 클럽,2026-05-16,오전,,,,,,,,,,,,216864.0,217321.0,215728.0,216908.0,217808.0,220272.0,219756.0,220198.0,,,,,,,,,,,,,,,,
소노펠리체CC 괌 탈로포포,몽키트래블,탈로포포 골프 클럽,2026-05-17,오전,,,,,,,,,,,,216864.0,217321.0,215728.0,216908.0,217808.0,220272.0,219756.0,220198.0,221158.0,,,,,,,,,,,,,,,
소노펠리체CC 괌 탈로포포,몽키트래블,탈로포포 골프 클럽,2026-05-18,오전,,,,,,,,,,,,216864.0,217321.0,215728.0,216908.0,217808.0,220272.0,219756.0,220198.0,221158.0,221306.0,,,,,,,,,,,,,,
소노펠리체CC 괌 탈로포포,몽키트래블,탈로포포 골프 클럽,2026-05-18,오후,,,,,,,,,,,,216864.0,217321.0,215728.0,216908.0,217808.0,220272.0,219756.0,220198.0,221158.0,221306.0,,,,,,,,,,,,,,
소노펠리체CC 괌 탈로포포,몽키트래블,탈로포포 골프 클럽,2026-05-19,오전,,,,,,,,,,,,,217321.0,215728.0,216908.0,217808.0,220272.0,219756.0,220198.0,221158.0,221306.0,221232.0,,,,,,,,,,,,,
소노펠리체CC 괌 탈로포포,몽키트래블,탈로포포 골프 클럽,2026-05-19,오후,,,,,,,,,,,,,217321.0,215728.0,216908.0,217808.0,220272.0,219756.0,220198.0,221158.0,221306.0,221232.0,,,,,,,,,,,,,
소노펠리체CC 괌 탈로포포,몽키트래블,탈로포포 골프 클럽,2026-05-20,오전,,,,,,,,,,,,,,215728.0,216908.0,217808.0,220272.0,219756.0,220198.0,221158.0,221306.0,221232.0,220272.0,,,,,,,,,,,,
소노펠리체CC 괌 탈로포포,몽키트래블,탈로포포 골프 클럽,2026-05-20,오후,,,,,,,,,,,,,,215728.0,216908.0,217808.0,220272.0,219756.0,220198.0,221158.0,221306.0,221232.0,220272.0,,,,,,,,,,,,
소노펠리체CC 괌 탈로포포,몽키트래블,탈로포포 골프 클럽,2026-05-21,오전,,,,,,,,,,,,,,215728.0,216908.0,217808.0,220272.0,219756.0,220198.0,221158.0,221306.0,221232.0,220272.0,,,,,,,,,,,,
소노펠리체CC 괌 탈로포포,몽키트래블,탈로포포 골프 클럽,2026-05-21,오후,,,,,,,,,,,,,,215728.0,216908.0,217808.0,220272.0,219756.0,220198.0,221158.0,221306.0,221232.0,220272.0,,,,,,,,,,,,
소노펠리체CC 괌 탈로포포,몽키트래블,탈로포포 골프 클럽,2026-05-22,오전,,,,,,,,,,,,,,215728.0,216908.0,217808.0,220272.0,219756.0,220198.0,221158.0,221306.0,221232.0,220272.0,,,,,,,,,,,,
소노펠리체CC 괌 탈로포포,몽키트래블,탈로포포 골프 클럽,2026-05-22,오후,,,,,,,,,,,,,,215728.0,216908.0,217808.0,220272.0,219756.0,220198.0,221158.0,221306.0,221232.0,220272.0,,,,,,,,,,,,
소노펠리체CC 괌 탈로포포,몽키트래블,탈로포포 골프 클럽,2026-05-23,오전,,,,,,,,,,,,,,215728.0,216908.0,217808.0,220272.0,219756.0,220198.0,221158.0,221306.0,221232.0,220272.0,,,,,,,,,,,,
소노펠리체CC 괌 탈로포포,몽키트래블,탈로포포 골프 클럽,2026-05-24,오전,,,,,,,,,,,,,,,216908.0,217808.0,220272.0,219756.0,220198.0,221158.0,221306.0,221232.0,220272.0,,,,,,,,,,,,
소노펠리체CC 괌 탈로포포,몽키트래블,탈로포포 골프 클럽,2026-05-25,오전,,,,,,,,,,,,,,,216908.0,217808.0,220272.0,219756.0,220198.0,221158.0,221306.0,221232.0,220272.0,224109.0,,,,,,,,,,,
소노펠리체CC 괌 탈로포포,몽키트래블,탈로포포 골프 클럽,2026-05-25,오후,,,,,,,,,,,,,,,216908.0,217808.0,220272.0,219756.0,220198.0,221158.0,221306.0,221232.0,220272.0,224109.0,,,,,,,,,,,
소노펠리체CC 괌 탈로포포,몽키트래블,탈로포포 골프 클럽,2026-05-26,오전,,,,,,,,,,,,,,,,217808.0,220272.0,219756.0,220198.0,221158.0,221306.0,221232.0,220272.0,224109.0,223518.0,,,,,,,,,,
소노펠리체CC 괌 탈로포포,몽키트래블,탈로포포 골프 클럽,2026-05-26,오후,,,,,,,,,,,,,,,,217808.0,220272.0,219756.0,220198.0,221158.0,221306.0,221232.0,220272.0,224109.0,223518.0,,,,,,,,,,
소노펠리체CC 괌 탈로포포,몽키트래블,탈로포포 골프 클럽,2026-05-27,오전,,,,,,,,,,,,,,,,,220272.0,219756.0,220198.0,221158.0,221306.0,221232.0,220272.0,224109.0,223518.0,223297.0,,,,,,,,,
소노펠리체CC 괌 탈로포포,몽키트래블,탈로포포 골프 클럽,2026-05-27,오후,,,,,,,,,,,,,,,,,220272.0,219756.0,220198.0,221158.0,221306.0,221232.0,220272.0,224109.0,223518.0,223297.0,,,,,,,,,
소노펠리체CC 괌 탈로포포,몽키트래블,탈로포포 골프 클럽,2026-05-28,오전,,,,,,,,,,,,,,,,,,219756.0,220198.0,221158.0,221306.0,221232.0,220272.0,224109.0,223518.0,223297.0,222116.0,,,,,,,,
소노펠리체CC 괌 탈로포포,몽키트래블,탈로포포 골프 클럽,2026-05-28,오후,,,,,,,,,,,,,,,,,,219756.0,220198.0,221158.0,221306.0,221232.0,220272.0,224109.0,223518.0,223297.0,222116.0,,,,,,,,
소노펠리체CC 괌 탈로포포,몽키트래블,탈로포포 골프 클럽,2026-05-29,오전,,,,,,,,,,,,,,,,,,,220198.0,221158.0,221306.0,221232.0,220272.0,224109.0,223518.0,223297.0,222116.0,221674.0,,,,,,,
소노펠리체CC 괌 탈로포포,몽키트래블,탈로포포 골프 클럽,2026-05-29,오후,,,,,,,,,,,,,,,,,,,220198.0,221158.0,221306.0,221232.0,220272.0,224109.0,223518.0,223297.0,222116.0,221674.0,,,,,,,
소노펠리체CC 괌 탈로포포,몽키트래블,탈로포포 골프 클럽,2026-05-30,오전,,,,,,,,,,,,,,,,,,,,221158.0,221306.0,221232.0,220272.0,224109.0,223518.0,223297.0,222116.0,221674.0,220862.0,,,,,,
소노펠리체CC 괌 탈로포포,몽키트래블,탈로포포 골프 클럽,2026-05-31,오전,,,,,,,,,,,,,,,,,,,,,221306.0,221232.0,220272.0,224109.0,223518.0,223297.0,222116.0,221674.0,220862.0,222338.0,,,,,
소노펠리체CC 괌 탈로포포,몽키트래블,탈로포포 골프 클럽,2026-06-01,오전,,,,,,,,,,,,,,,,,,,,,,221232.0,220272.0,224109.0,223518.0,223297.0,222116.0,221674.0,220862.0,222338.0,222338.0,,,,
소노펠리체CC 괌 탈로포포,몽키트래블,탈로포포 골프 클럽,2026-06-01,오후,,,,,,,,,,,,,,,,,,,,,,221232.0,220272.0,224109.0,223518.0,223297.0,222116.0,221674.0,220862.0,222338.0,222338.0,,,,
소노펠리체CC 괌 탈로포포,몽키트래블,탈로포포 골프 클럽,2026-06-02,오전,,,,,,,,,,,,,,,,,,,,,,,220272.0,224109.0,223518.0,223297.0,222116.0,221674.0,220862.0,222338.0,222338.0,222412.0,,,
소노펠리체CC 괌 탈로포포,몽키트래블,탈로포포 골프 클럽,2026-06-02,오후,,,,,,,,,,,,,,,,,,,,,,,220272.0,224109.0,223518.0,223297.0,222116.0,221674.0,220862.0,222338.0,222338.0,222412.0,,,
소노펠리체CC 괌 탈로포포,몽키트래블,탈로포포 골프 클럽,2026-06-03,오전,,,,,,,,,,,,,,,,,,,,,,,,224109.0,223518.0,223297.0,222116.0,221674.0,220862.0,222338.0,222338.0,222412.0,223223.0,,
소노펠리체CC 괌 탈로포포,몽키트래블,탈로포포 골프 클럽,2026-06-03,오후,,,,,,,,,,,,,,,,,,,,,,,,224109.0,223518.0,223297.0,222116.0,221674.0,220862.0,222338.0,222338.0,222412.0,223223.0,,
소노펠리체CC 괌 탈로포포,몽키트래블,탈로포포 골프 클럽,2026-06-04,오전,,,,,,,,,,,,,,,,,,,,,,,,224109.0,223518.0,223297.0,222116.0,221674.0,220862.0,222338.0,222338.0,222412.0,223223.0,224257.0,
소노펠리체CC 괌 탈로포포,몽키트래블,탈로포포 골프 클럽,2026-06-04,오후,,,,,,,,,,,,,,,,,,,,,,,,224109.0,223518.0,223297.0,222116.0,221674.0,220862.0,222338.0,222338.0,222412.0,223223.0,224257.0,
소노펠리체CC 괌 탈로포포,몽키트래블,탈로포포 골프 클럽,2026-06-05,오전,,,,,,,,,,,,,,,,,,,,,,,,224109.0,223518.0,223297.0,222116.0,221674.0,220862.0,222338.0,222338.0,222412.0,223223.0,224257.0,225953.0
소노펠리체CC 괌 탈로포포,몽키트래블,탈로포포 골프 클럽,2026-06-05,오후,,,,,,,,,,,,,,,,,,,,,,,,224109.0,223518.0,223297.0,222116.0,221674.0,220862.0,222338.0,222338.0,222412.0,223223.0,224257.0,225953.0
소노펠리체CC 괌 탈로포포,몽키트래블,탈로포포 골프 클럽,2026-06-06,오전,,,,,,,,,,,,,,,,,,,,,,,,224109.0,223518.0,223297.0,222116.0,221674.0,220862.0,222338.0,222338.0,222412.0,223223.0,224257.0,225953.0
소노펠리체CC 괌 탈로포포,몽키트래블,탈로포포 골프 클럽,2026-06-07,오전,,,,,,,,,,,,,,,,,,,,,,,,224109.0,223518.0,223297.0,222116.0,221674.0,220862.0,222338.0,222338.0,222412.0,223223.0,224257.0,225953.0
소노펠리체CC 괌 탈로포포,몽키트래블,탈로포포 골프 클럽,2026-06-08,오전,,,,,,,,,,,,,,,,,,,,,,,,,223518.0,223297.0,222116.0,221674.0,220862.0,222338.0,222338.0,222412.0,223223.0,224257.0,225953.0
소노펠리체CC 괌 탈로포포,몽키트래블,탈로포포 골프 클럽,2026-06-08,오후,,,,,,,,,,,,,,,,,,,,,,,,,223518.0,223297.0,222116.0,221674.0,220862.0,222338.0,222338.0,222412.0,223223.0,224257.0,225953.0
소노펠리체CC 괌 탈로포포,몽키트래블,탈로포포 골프 클럽,2026-06-09,오전,,,,,,,,,,,,,,,,,,,,,,,,,,223297.0,222116.0,221674.0,220862.0,222338.0,222338.0,222412.0,223223.0,224257.0,225953.0
소노펠리체CC 괌 탈로포포,몽키트래블,탈로포포 골프 클럽,2026-06-09,오후,,,,,,,,,,,,,,,,,,,,,,,,,,223297.0,222116.0,221674.0,220862.0,222338.0,222338.0,222412.0,223223.0,224257.0,225953.0
소노펠리체CC 괌 탈로포포,몽키트래블,탈로포포 골프 클럽,2026-06-10,오전,,,,,,,,,,,,,,,,,,,,,,,,,,,222116.0,221674.0,220862.0,222338.0,222338.0,222412.0,223223.0,224257.0,225953.0
소노펠리체CC 괌 탈로포포,몽키트래블,탈로포포 골프 클럽,2026-06-10,오후,,,,,,,,,,,,,,,,,,,,,,,,,,,222116.0,221674.0,220862.0,222338.0,222338.0,222412.0,223223.0,224257.0,225953.0
소노펠리체CC 괌 탈로포포,몽키트래블,탈로포포 골프 클럽,2026-06-11,오전,,,,,,,,,,,,,,,,,,,,,,,,,,,,221674.0,220862.0,222338.0,222338.0,222412.0,223223.0,224257.0,225953.0
소노펠리체CC 괌 탈로포포,몽키트래블,탈로포포 골프 클럽,2026-06-11,오후,,,,,,,,,,,,,,,,,,,,,,,,,,,,221674.0,220862.0,222338.0,222338.0,222412.0,223223.0,224257.0,225953.0
소노펠리체CC 괌 탈로포포,몽키트래블,탈로포포 골프 클럽,2026-06-12,오전,,,,,,,,,,,,,,,,,,,,,,,,,,,,,220862.0,222338.0,222338.0,222412.0,223223.0,224257.0,225953.0
소노펠리체CC 괌 탈로포포,몽키트래블,탈로포포 골프 클럽,2026-06-12,오후,,,,,,,,,,,,,,,,,,,,,,,,,,,,,220862.0,222338.0,222338.0,222412.0,223223.0,224257.0,225953.0
소노펠리체CC 괌 탈로포포,몽키트래블,탈로포포 골프 클럽,2026-06-13,오전,,,,,,,,,,,,,,,,,,,,,,,,,,,,,,222338.0,222338.0,222412.0,223223.0,224257.0,225953.0
소노펠리체CC 괌 탈로포포,몽키트래블,탈로포포 골프 클럽,2026-06-14,오전,,,,,,,,,,,,,,,,,,,,,,,,,,,,,,,222338.0,222412.0,223223.0,224257.0,225953.0
소노펠리체CC 괌 탈로포포,몽키트래블,탈로포포 골프 클럽,2026-06-15,오전,,,,,,,,,,,,,,,,,,,,,,,,,,,,,,,,222412.0,223223.0,224257.0,225953.0
소노펠리체CC 괌 탈로포포,몽키트래블,탈로포포 골프 클럽,2026-06-15,오후,,,,,,,,,,,,,,,,,,,,,,,,,,,,,,,,222412.0,223223.0,224257.0,225953.0
소노펠리체CC 괌 탈로포포,몽키트래블,탈로포포 골프 클럽,2026-06-16,오전,,,,,,,,,,,,,,,,,,,,,,,,,,,,,,,,,223223.0,224257.0,225953.0
소노펠리체CC 괌 탈로포포,몽키트래블,탈로포포 골프 클럽,2026-06-16,오후,,,,,,,,,,,,,,,,,,,,,,,,,,,,,,,,,223223.0,224257.0,225953.0
소노펠리체CC 괌 탈로포포,몽키트래블,탈로포포 골프 클럽,2026-06-17,오전,,,,,,,,,,,,,,,,,,,,,,,,,,,,,,,,,,224257.0,225953.0
소노펠리체CC 괌 탈로포포,몽키트래블,탈로포포 골프 클럽,2026-06-17,오후,,,,,,,,,,,,,,,,,,,,,,,,,,,,,,,,,,224257.0,225953.0
소노펠리체CC 괌 탈로포포,몽키트래블,탈로포포 골프 클럽,2026-06-18,오전,,,,,,,,,,,,,,,,,,,,,,,,,,,,,,,,,,,225953.0
소노펠리체CC 괌 탈로포포,몽키트래블,탈로포포 골프 클럽,2026-06-18,오후,,,,,,,,,,,,,,,,,,,,,,,,,,,,,,,,,,,225953.0
소노펠리체CC 하이퐁,몽키트래블,드래곤 골프 링크스,2026-04-19,오전,161941.0,,,,,,,,,,,,,,,,,,,,,,,,,,,,,,,,,,
소노펠리체CC 하이퐁,몽키트래블,드래곤 골프 링크스,2026-04-19,오후,161941.0,,,,,,,,,,,,,,,,,,,,,,,,,,,,,,,,,,
소노펠리체CC 하이퐁,몽키트래블,드래곤 골프 링크스,2026-04-20,오전,119164.0,,,,,,,,,,,,,,,,,,,,,,,,,,,,,,,,,,
소노펠리체CC 하이퐁,몽키트래블,드래곤 골프 링크스,2026-04-20,오후,119164.0,,,,,,,,,,,,,,,,,,,,,,,,,,,,,,,,,,
소노펠리체CC 하이퐁,몽키트래블,드래곤 골프 링크스,2026-04-21,오전,119164.0,118597.0,,,,,,,,,,,,,,,,,,,,,,,,,,,,,,,,,
소노펠리체CC 하이퐁,몽키트래블,드래곤 골프 링크스,2026-04-21,오후,119164.0,118597.0,,,,,,,,,,,,,,,,,,,,,,,,,,,,,,,,,
소노펠리체CC 하이퐁,몽키트래블,드래곤 골프 링크스,2026-04-22,오전,119164.0,118597.0,118029.0,,,,,,,,,,,,,,,,,,,,,,,,,,,,,,,,
소노펠리체CC 하이퐁,몽키트래블,드래곤 골프 링크스,2026-04-22,오후,119164.0,118597.0,118029.0,,,,,,,,,,,,,,,,,,,,,,,,,,,,,,,,
소노펠리체CC 하이퐁,몽키트래블,드래곤 골프 링크스,2026-04-23,오전,119164.0,118597.0,118029.0,118975.0,,,,,,,,,,,,,,,,,,,,,,,,,,,,,,,
소노펠리체CC 하이퐁,몽키트래블,드래곤 골프 링크스,2026-04-23,오후,119164.0,118597.0,118029.0,118975.0,,,,,,,,,,,,,,,,,,,,,,,,,,,,,,,
소노펠리체CC 하이퐁,몽키트래블,드래곤 골프 링크스,2026-04-24,오전,119164.0,118597.0,118029.0,118975.0,,,,,,,,,,,,,,,,,,,,,,,,,,,,,,,
소노펠리체CC 하이퐁,몽키트래블,드래곤 골프 링크스,2026-04-24,오후,119164.0,118597.0,118029.0,118975.0,,,,,,,,,,,,,,,,,,,,,,,,,,,,,,,
소노펠리체CC 하이퐁,몽키트래블,드래곤 골프 링크스,2026-04-25,오전,161941.0,161170.0,160399.0,161684.0,161427.0,,,,,,,,,,,,,,,,,,,,,,,,,,,,,,
소노펠리체CC 하이퐁,몽키트래블,드래곤 골프 링크스,2026-04-25,오후,161941.0,161170.0,160399.0,161684.0,161427.0,,,,,,,,,,,,,,,,,,,,,,,,,,,,,,
소노펠리체CC 하이퐁,몽키트래블,드래곤 골프 링크스,2026-04-26,오전,180274.0,179416.0,178557.0,179988.0,179702.0,,,,,,,,,,,,,,,,,,,,,,,,,,,,,,
소노펠리체CC 하이퐁,몽키트래블,드래곤 골프 링크스,2026-04-26,오후,180274.0,179416.0,178557.0,179988.0,179702.0,,,,,,,,,,,,,,,,,,,,,,,,,,,,,,
소노펠리체CC 하이퐁,몽키트래블,드래곤 골프 링크스,2026-04-27,오전,119164.0,118597.0,118029.0,118975.0,118786.0,118786.0,,,,,,,,,,,,,,,,,,,,,,,,,,,,,
소노펠리체CC 하이퐁,몽키트래블,드래곤 골프 링크스,2026-04-27,오후,119164.0,118597.0,118029.0,118975.0,118786.0,118786.0,,,,,,,,,,,,,,,,,,,,,,,,,,,,,
소노펠리체CC 하이퐁,몽키트래블,드래곤 골프 링크스,2026-04-28,오전,119164.0,118597.0,118029.0,118975.0,118786.0,118786.0,118407.0,,,,,,,,,,,,,,,,,,,,,,,,,,,,
소노펠리체CC 하이퐁,몽키트래블,드래곤 골프 링크스,2026-04-28,오후,119164.0,118597.0,118029.0,118975.0,118786.0,118786.0,118407.0,,,,,,,,,,,,,,,,,,,,,,,,,,,,
소노펠리체CC 하이퐁,몽키트래블,드래곤 골프 링크스,2026-04-29,오전,119164.0,118597.0,118029.0,118975.0,118786.0,118786.0,118407.0,118597.0,,,,,,,,,,,,,,,,,,,,,,,,,,,
소노펠리체CC 하이퐁,몽키트래블,드래곤 골프 링크스,2026-04-29,오후,119164.0,118597.0,118029.0,118975.0,118786.0,118786.0,118407.0,118597.0,,,,,,,,,,,,,,,,,,,,,,,,,,,
소노펠리체CC 하이퐁,몽키트래블,드래곤 골프 링크스,2026-04-30,오전,180274.0,179416.0,178557.0,179988.0,179702.0,179702.0,179129.0,179416.0,179988.0,,,,,,,,,,,,,,,,,,,,,,,,,,
소노펠리체CC 하이퐁,몽키트래블,드래곤 골프 링크스,2026-04-30,오후,180274.0,179416.0,178557.0,179988.0,179702.0,179702.0,179129.0,179416.0,179988.0,,,,,,,,,,,,,,,,,,,,,,,,,,
소노펠리체CC 하이퐁,몽키트래블,드래곤 골프 링크스,2026-05-01,오전,180274.0,179416.0,178557.0,179988.0,179702.0,179702.0,179129.0,179416.0,179988.0,179702.0,,,,,,,,,,,,,,,,,,,,,,,,,
소노펠리체CC 하이퐁,몽키트래블,드래곤 골프 링크스,2026-05-01,오후,180274.0,179416.0,178557.0,179988.0,179702.0,179702.0,179129.0,179416.0,179988.0,179702.0,,,,,,,,,,,,,,,,,,,,,,,,,
소노펠리체CC 하이퐁,몽키트래블,드래곤 골프 링크스,2026-05-02,오전,161941.0,161170.0,160399.0,161684.0,161427.0,161427.0,160913.0,161170.0,161684.0,161427.0,161170.0,,,,,,,,,,,,,,,,,,,,,,,,
소노펠리체CC 하이퐁,몽키트래블,드래곤 골프 링크스,2026-05-02,오후,161941.0,161170.0,160399.0,161684.0,161427.0,161427.0,160913.0,161170.0,161684.0,161427.0,161170.0,,,,,,,,,,,,,,,,,,,,,,,,
소노펠리체CC 하이퐁,몽키트래블,드래곤 골프 링크스,2026-05-03,오전,,161170.0,160913.0,161684.0,161427.0,161427.0,160913.0,161170.0,161684.0,161427.0,161170.0,,,,,,,,,,,,,,,,,,,,,,,,
소노펠리체CC 하이퐁,몽키트래블,드래곤 골프 링크스,2026-05-03,오후,,161170.0,160913.0,161684.0,161427.0,161427.0,160913.0,161170.0,161684.0,161427.0,161170.0,,,,,,,,,,,,,,,,,,,,,,,,
소노펠리체CC 하이퐁,몽키트래블,드래곤 골프 링크스,2026-05-04,오전,,118597.0,118407.0,118975.0,118786.0,118786.0,118407.0,118597.0,118975.0,118786.0,118597.0,,,,,,,,,,,,,,,,,,,,,,,,
소노펠리체CC 하이퐁,몽키트래블,드래곤 골프 링크스,2026-05-04,오후,,118597.0,118407.0,118975.0,118786.0,118786.0,118407.0,118597.0,118975.0,118786.0,118597.0,,,,,,,,,,,,,,,,,,,,,,,,
소노펠리체CC 하이퐁,몽키트래블,드래곤 골프 링크스,2026-05-05,오전,,,118407.0,118975.0,118786.0,118786.0,118407.0,118597.0,118975.0,118786.0,118597.0,88046.0,,,,,,,,,,,,,,,,,,,,,,,
소노펠리체CC 하이퐁,몽키트래블,드래곤 골프 링크스,2026-05-05,오후,,,118407.0,118975.0,118786.0,118786.0,118407.0,118597.0,118975.0,118786.0,118597.0,118407.0,,,,,,,,,,,,,,,,,,,,,,,
소노펠리체CC 하이퐁,몽키트래블,드래곤 골프 링크스,2026-05-06,오전,,,,118975.0,118786.0,118786.0,118407.0,118597.0,118975.0,118786.0,118597.0,88046.0,88328.0,,,,,,,,,,,,,,,,,,,,,,
소노펠리체CC 하이퐁,몽키트래블,드래곤 골프 링크스,2026-05-06,오후,,,,118975.0,118786.0,118786.0,118407.0,118597.0,118975.0,118786.0,118597.0,118407.0,118786.0,,,,,,,,,,,,,,,,,,,,,,
소노펠리체CC 하이퐁,몽키트래블,드래곤 골프 링크스,2026-05-07,오전,,,,,118786.0,118786.0,118407.0,118597.0,118975.0,118786.0,118597.0,88046.0,88328.0,,,,,,,,,,,,,,,,,,,,,,
소노펠리체CC 하이퐁,몽키트래블,드래곤 골프 링크스,2026-05-07,오후,,,,,118786.0,118786.0,118407.0,118597.0,118975.0,118786.0,118597.0,118407.0,118786.0,,,,,,,,,,,,,,,,,,,,,,
소노펠리체CC 하이퐁,몽키트래블,드래곤 골프 링크스,2026-05-08,오전,,,,,118786.0,118786.0,118407.0,118597.0,118975.0,118786.0,118597.0,88046.0,88328.0,,,,,,,,,,,,,,,,,,,,,,
소노펠리체CC 하이퐁,몽키트래블,드래곤 골프 링크스,2026-05-08,오후,,,,,118786.0,118786.0,118407.0,118597.0,118975.0,118786.0,118597.0,118407.0,118786.0,,,,,,,,,,,,,,,,,,,,,,
소노펠리체CC 하이퐁,몽키트래블,드래곤 골프 링크스,2026-05-09,오전,,,,,,161427.0,160913.0,161170.0,161684.0,161427.0,161170.0,160913.0,161427.0,,,,,,,,,,,,,,,,,,,,,,
소노펠리체CC 하이퐁,몽키트래블,드래곤 골프 링크스,2026-05-09,오후,,,,,,161427.0,160913.0,161170.0,161684.0,161427.0,161170.0,160913.0,161427.0,,,,,,,,,,,,,,,,,,,,,,
소노펠리체CC 하이퐁,몽키트래블,드래곤 골프 링크스,2026-05-10,오전,,,,,,161427.0,160913.0,161170.0,161684.0,161427.0,161170.0,160913.0,161427.0,159885.0,,,,,,,,,,,,,,,,,,,,,
소노펠리체CC 하이퐁,몽키트래블,드래곤 골프 링크스,2026-05-10,오후,,,,,,161427.0,160913.0,161170.0,161684.0,161427.0,161170.0,160913.0,161427.0,159885.0,,,,,,,,,,,,,,,,,,,,,
소노펠리체CC 하이퐁,몽키트래블,드래곤 골프 링크스,2026-05-11,오전,,,,,,,118407.0,118597.0,118975.0,118786.0,118597.0,88046.0,88328.0,87484.0,,,,,,,,,,,,,,,,,,,,,
소노펠리체CC 하이퐁,몽키트래블,드래곤 골프 링크스,2026-05-11,오후,,,,,,,118407.0,118597.0,118975.0,118786.0,118597.0,118407.0,118786.0,117651.0,,,,,,,,,,,,,,,,,,,,,
소노펠리체CC 하이퐁,몽키트래블,드래곤 골프 링크스,2026-05-12,오전,,,,,,,,118597.0,118975.0,118786.0,118597.0,88046.0,88328.0,87484.0,87765.0,,,,,,,,,,,,,,,,,,,,
소노펠리체CC 하이퐁,몽키트래블,드래곤 골프 링크스,2026-05-12,오후,,,,,,,,118597.0,118975.0,118786.0,118597.0,118407.0,118786.0,117651.0,118029.0,,,,,,,,,,,,,,,,,,,,
소노펠리체CC 하이퐁,몽키트래블,드래곤 골프 링크스,2026-05-13,오전,,,,,,,,,118975.0,118786.0,118597.0,88046.0,88328.0,87484.0,87765.0,88187.0,,,,,,,,,,,,,,,,,,,
소노펠리체CC 하이퐁,몽키트래블,드래곤 골프 링크스,2026-05-13,오후,,,,,,,,,118975.0,118786.0,118597.0,118407.0,118786.0,117651.0,118029.0,118597.0,,,,,,,,,,,,,,,,,,,
소노펠리체CC 하이퐁,몽키트래블,드래곤 골프 링크스,2026-05-14,오전,,,,,,,,,,118786.0,118597.0,88046.0,88328.0,87484.0,87765.0,88187.0,89453.0,,,,,,,,,,,,,,,,,,
소노펠리체CC 하이퐁,몽키트래블,드래곤 골프 링크스,2026-05-14,오후,,,,,,,,,,118786.0,118597.0,118407.0,118786.0,117651.0,118029.0,118597.0,120299.0,,,,,,,,,,,,,,,,,,
소노펠리체CC 하이퐁,몽키트래블,드래곤 골프 링크스,2026-05-15,오전,,,,,,,,,,,118597.0,88046.0,88328.0,87484.0,87765.0,88187.0,89453.0,89031.0,,,,,,,,,,,,,,,,,
소노펠리체CC 하이퐁,몽키트래블,드래곤 골프 링크스,2026-05-15,오후,,,,,,,,,,,118597.0,118407.0,118786.0,117651.0,118029.0,118597.0,120299.0,119731.0,,,,,,,,,,,,,,,,,
소노펠리체CC 하이퐁,몽키트래블,드래곤 골프 링크스,2026-05-16,오전,,,,,,,,,,,,160913.0,161427.0,159885.0,160399.0,161170.0,163483.0,162712.0,163226.0,,,,,,,,,,,,,,,,
소노펠리체CC 하이퐁,몽키트래블,드래곤 골프 링크스,2026-05-16,오후,,,,,,,,,,,,160913.0,161427.0,159885.0,160399.0,161170.0,163483.0,162712.0,163226.0,,,,,,,,,,,,,,,,
소노펠리체CC 하이퐁,몽키트래블,드래곤 골프 링크스,2026-05-17,오전,,,,,,,,,,,,160913.0,161427.0,159885.0,160399.0,161170.0,163483.0,162712.0,163226.0,163740.0,,,,,,,,,,,,,,,
소노펠리체CC 하이퐁,몽키트래블,드래곤 골프 링크스,2026-05-17,오후,,,,,,,,,,,,160913.0,161427.0,159885.0,160399.0,161170.0,163483.0,162712.0,163226.0,163740.0,,,,,,,,,,,,,,,
소노펠리체CC 하이퐁,몽키트래블,드래곤 골프 링크스,2026-05-18,오전,,,,,,,,,,,,88046.0,88328.0,87484.0,87765.0,88187.0,89453.0,89031.0,89312.0,89594.0,89594.0,,,,,,,,,,,,,,
소노펠리체CC 하이퐁,몽키트래블,드래곤 골프 링크스,2026-05-18,오후,,,,,,,,,,,,118407.0,118786.0,117651.0,118029.0,118597.0,120299.0,119731.0,120110.0,120488.0,120488.0,,,,,,,,,,,,,,
소노펠리체CC 하이퐁,몽키트래블,드래곤 골프 링크스,2026-05-19,오전,,,,,,,,,,,,,88328.0,87484.0,87765.0,88187.0,89453.0,89031.0,89312.0,89594.0,89594.0,89594.0,,,,,,,,,,,,,
소노펠리체CC 하이퐁,몽키트래블,드래곤 골프 링크스,2026-05-19,오후,,,,,,,,,,,,,118786.0,117651.0,118029.0,118597.0,120299.0,119731.0,120110.0,120488.0,120488.0,120488.0,,,,,,,,,,,,,
소노펠리체CC 하이퐁,몽키트래블,드래곤 골프 링크스,2026-05-20,오전,,,,,,,,,,,,,,87484.0,87765.0,88187.0,89453.0,89031.0,89312.0,89594.0,89594.0,89594.0,89312.0,,,,,,,,,,,,
소노펠리체CC 하이퐁,몽키트래블,드래곤 골프 링크스,2026-05-20,오후,,,,,,,,,,,,,,117651.0,118029.0,118597.0,120299.0,119731.0,120110.0,120488.0,120488.0,120488.0,120110.0,,,,,,,,,,,,
소노펠리체CC 하이퐁,몽키트래블,드래곤 골프 링크스,2026-05-21,오전,,,,,,,,,,,,,,87484.0,87765.0,88187.0,89453.0,89031.0,89312.0,89594.0,89594.0,89594.0,89312.0,,,,,,,,,,,,
소노펠리체CC 하이퐁,몽키트래블,드래곤 골프 링크스,2026-05-21,오후,,,,,,,,,,,,,,117651.0,118029.0,118597.0,120299.0,119731.0,120110.0,120488.0,120488.0,120488.0,120110.0,,,,,,,,,,,,
소노펠리체CC 하이퐁,몽키트래블,드래곤 골프 링크스,2026-05-22,오전,,,,,,,,,,,,,,87484.0,87765.0,88187.0,89453.0,89031.0,89312.0,89594.0,89594.0,89594.0,89312.0,,,,,,,,,,,,
소노펠리체CC 하이퐁,몽키트래블,드래곤 골프 링크스,2026-05-22,오후,,,,,,,,,,,,,,117651.0,118029.0,118597.0,120299.0,119731.0,120110.0,120488.0,120488.0,120488.0,120110.0,,,,,,,,,,,,
소노펠리체CC 하이퐁,몽키트래블,드래곤 골프 링크스,2026-05-23,오전,,,,,,,,,,,,,,159885.0,160399.0,161170.0,163483.0,162712.0,163226.0,163740.0,163740.0,163740.0,163226.0,,,,,,,,,,,,
소노펠리체CC 하이퐁,몽키트래블,드래곤 골프 링크스,2026-05-23,오후,,,,,,,,,,,,,,159885.0,160399.0,161170.0,163483.0,162712.0,163226.0,163740.0,163740.0,163740.0,163226.0,,,,,,,,,,,,
소노펠리체CC 하이퐁,몽키트래블,드래곤 골프 링크스,2026-05-24,오전,,,,,,,,,,,,,,,160399.0,161170.0,163483.0,162712.0,163226.0,163740.0,163740.0,163740.0,163226.0,,,,,,,,,,,,
소노펠리체CC 하이퐁,몽키트래블,드래곤 골프 링크스,2026-05-24,오후,,,,,,,,,,,,,,,160399.0,161170.0,163483.0,162712.0,163226.0,163740.0,163740.0,163740.0,163226.0,,,,,,,,,,,,
소노펠리체CC 하이퐁,몽키트래블,드래곤 골프 링크스,2026-05-25,오전,,,,,,,,,,,,,,,87765.0,88187.0,89453.0,89031.0,89312.0,89594.0,89594.0,89594.0,89312.0,90859.0,,,,,,,,,,,
소노펠리체CC 하이퐁,몽키트래블,드래곤 골프 링크스,2026-05-25,오후,,,,,,,,,,,,,,,118029.0,118597.0,120299.0,119731.0,120110.0,120488.0,120488.0,120488.0,120110.0,122190.0,,,,,,,,,,,
소노펠리체CC 하이퐁,몽키트래블,드래곤 골프 링크스,2026-05-26,오전,,,,,,,,,,,,,,,,88187.0,89453.0,89031.0,89312.0,89594.0,89594.0,89594.0,89312.0,90859.0,90437.0,,,,,,,,,,
소노펠리체CC 하이퐁,몽키트래블,드래곤 골프 링크스,2026-05-26,오후,,,,,,,,,,,,,,,,118597.0,120299.0,119731.0,120110.0,120488.0,120488.0,120488.0,120110.0,122190.0,121623.0,,,,,,,,,,
소노펠리체CC 하이퐁,몽키트래블,드래곤 골프 링크스,2026-05-27,오전,,,,,,,,,,,,,,,,,89453.0,89031.0,89312.0,89594.0,89594.0,89594.0,89312.0,90859.0,90437.0,90437.0,,,,,,,,,
소노펠리체CC 하이퐁,몽키트래블,드래곤 골프 링크스,2026-05-27,오후,,,,,,,,,,,,,,,,,120299.0,119731.0,120110.0,120488.0,120488.0,120488.0,120110.0,122190.0,121623.0,121623.0,,,,,,,,,
소노펠리체CC 하이퐁,몽키트래블,드래곤 골프 링크스,2026-05-28,오전,,,,,,,,,,,,,,,,,,89031.0,89312.0,89594.0,89594.0,89594.0,89312.0,90859.0,90437.0,90437.0,90156.0,,,,,,,,
소노펠리체CC 하이퐁,몽키트래블,드래곤 골프 링크스,2026-05-28,오후,,,,,,,,,,,,,,,,,,119731.0,120110.0,120488.0,120488.0,120488.0,120110.0,122190.0,121623.0,121623.0,121245.0,,,,,,,,
소노펠리체CC 하이퐁,몽키트래블,드래곤 골프 링크스,2026-05-29,오전,,,,,,,,,,,,,,,,,,,89312.0,89594.0,89594.0,89594.0,89312.0,90859.0,90437.0,90437.0,90156.0,90016.0,,,,,,,
소노펠리체CC 하이퐁,몽키트래블,드래곤 골프 링크스,2026-05-29,오후,,,,,,,,,,,,,,,,,,,120110.0,120488.0,120488.0,120488.0,120110.0,122190.0,121623.0,121623.0,121245.0,121056.0,,,,,,,
소노펠리체CC 하이퐁,몽키트래블,드래곤 골프 링크스,2026-05-30,오전,,,,,,,,,,,,,,,,,,,,163740.0,163740.0,163740.0,163226.0,166054.0,165283.0,165283.0,164769.0,164512.0,163740.0,,,,,,
소노펠리체CC 하이퐁,몽키트래블,드래곤 골프 링크스,2026-05-30,오후,,,,,,,,,,,,,,,,,,,,163740.0,163740.0,163740.0,163226.0,166054.0,165283.0,165283.0,164769.0,164512.0,163740.0,,,,,,
소노펠리체CC 하이퐁,몽키트래블,드래곤 골프 링크스,2026-05-31,오전,,,,,,,,,,,,,,,,,,,,,163740.0,163740.0,163226.0,166054.0,165283.0,165283.0,164769.0,164512.0,163740.0,165026.0,,,,,
소노펠리체CC 하이퐁,몽키트래블,드래곤 골프 링크스,2026-05-31,오후,,,,,,,,,,,,,,,,,,,,,163740.0,163740.0,163226.0,166054.0,165283.0,165283.0,164769.0,164512.0,163740.0,165026.0,,,,,
소노펠리체CC 하이퐁,몽키트래블,드래곤 골프 링크스,2026-06-01,오전,,,,,,,,,,,,,,,,,,,,,,120488.0,120110.0,122190.0,121623.0,121623.0,121245.0,121056.0,120488.0,90297.0,90297.0,,,,
소노펠리체CC 하이퐁,몽키트래블,드래곤 골프 링크스,2026-06-01,오후,,,,,,,,,,,,,,,,,,,,,,120488.0,120110.0,122190.0,121623.0,121623.0,121245.0,121056.0,120488.0,121434.0,121434.0,,,,
소노펠리체CC 하이퐁,몽키트래블,드래곤 골프 링크스,2026-06-02,오전,,,,,,,,,,,,,,,,,,,,,,,120110.0,122190.0,121623.0,121623.0,121245.0,121056.0,120488.0,90297.0,90297.0,90297.0,,,
소노펠리체CC 하이퐁,몽키트래블,드래곤 골프 링크스,2026-06-02,오후,,,,,,,,,,,,,,,,,,,,,,,120110.0,122190.0,121623.0,121623.0,121245.0,121056.0,120488.0,121434.0,121434.0,121434.0,,,
소노펠리체CC 하이퐁,몽키트래블,드래곤 골프 링크스,2026-06-03,오전,,,,,,,,,,,,,,,,,,,,,,,,122190.0,121623.0,121623.0,121245.0,121056.0,120488.0,90297.0,90297.0,90297.0,90719.0,,
소노펠리체CC 하이퐁,몽키트래블,드래곤 골프 링크스,2026-06-03,오후,,,,,,,,,,,,,,,,,,,,,,,,122190.0,121623.0,121623.0,121245.0,121056.0,120488.0,121434.0,121434.0,121434.0,122001.0,,
소노펠리체CC 하이퐁,몽키트래블,드래곤 골프 링크스,2026-06-04,오전,,,,,,,,,,,,,,,,,,,,,,,,122190.0,121623.0,121623.0,121245.0,121056.0,120488.0,90297.0,90297.0,90297.0,90719.0,91141.0,
소노펠리체CC 하이퐁,몽키트래블,드래곤 골프 링크스,2026-06-04,오후,,,,,,,,,,,,,,,,,,,,,,,,122190.0,121623.0,121623.0,121245.0,121056.0,120488.0,121434.0,121434.0,121434.0,122001.0,122569.0,
소노펠리체CC 하이퐁,몽키트래블,드래곤 골프 링크스,2026-06-05,오전,,,,,,,,,,,,,,,,,,,,,,,,122190.0,121623.0,121623.0,121245.0,121056.0,120488.0,90297.0,90297.0,90297.0,90719.0,91141.0,91703.0
소노펠리체CC 하이퐁,몽키트래블,드래곤 골프 링크스,2026-06-05,오후,,,,,,,,,,,,,,,,,,,,,,,,122190.0,121623.0,121623.0,121245.0,121056.0,120488.0,121434.0,121434.0,121434.0,122001.0,122569.0,123325.0
소노펠리체CC 하이퐁,몽키트래블,드래곤 골프 링크스,2026-06-06,오전,,,,,,,,,,,,,,,,,,,,,,,,166054.0,165283.0,165283.0,164769.0,164512.0,163740.0,165026.0,165026.0,165026.0,165797.0,166568.0,167596.0
소노펠리체CC 하이퐁,몽키트래블,드래곤 골프 링크스,2026-06-06,오후,,,,,,,,,,,,,,,,,,,,,,,,166054.0,165283.0,165283.0,164769.0,164512.0,163740.0,165026.0,165026.0,165026.0,165797.0,166568.0,167596.0
소노펠리체CC 하이퐁,몽키트래블,드래곤 골프 링크스,2026-06-07,오전,,,,,,,,,,,,,,,,,,,,,,,,166054.0,165283.0,165283.0,164769.0,164512.0,163740.0,165026.0,165026.0,165026.0,165797.0,166568.0,167596.0
소노펠리체CC 하이퐁,몽키트래블,드래곤 골프 링크스,2026-06-07,오후,,,,,,,,,,,,,,,,,,,,,,,,166054.0,165283.0,165283.0,164769.0,164512.0,163740.0,165026.0,165026.0,165026.0,165797.0,166568.0,167596.0
소노펠리체CC 하이퐁,몽키트래블,드래곤 골프 링크스,2026-06-08,오전,,,,,,,,,,,,,,,,,,,,,,,,,121623.0,121623.0,121245.0,121056.0,120488.0,90297.0,90297.0,90297.0,90719.0,91141.0,91703.0
소노펠리체CC 하이퐁,몽키트래블,드래곤 골프 링크스,2026-06-08,오후,,,,,,,,,,,,,,,,,,,,,,,,,121623.0,121623.0,121245.0,121056.0,120488.0,121434.0,121434.0,121434.0,122001.0,122569.0,123325.0
소노펠리체CC 하이퐁,몽키트래블,드래곤 골프 링크스,2026-06-09,오전,,,,,,,,,,,,,,,,,,,,,,,,,,121623.0,121245.0,121056.0,120488.0,90297.0,90297.0,90297.0,90719.0,91141.0,91703.0
소노펠리체CC 하이퐁,몽키트래블,드래곤 골프 링크스,2026-06-09,오후,,,,,,,,,,,,,,,,,,,,,,,,,,121623.0,121245.0,121056.0,120488.0,121434.0,121434.0,121434.0,122001.0,122569.0,123325.0
소노펠리체CC 하이퐁,몽키트래블,드래곤 골프 링크스,2026-06-10,오전,,,,,,,,,,,,,,,,,,,,,,,,,,,121245.0,121056.0,120488.0,90297.0,90297.0,90297.0,90719.0,91141.0,91703.0
소노펠리체CC 하이퐁,몽키트래블,드래곤 골프 링크스,2026-06-10,오후,,,,,,,,,,,,,,,,,,,,,,,,,,,121245.0,121056.0,120488.0,121434.0,121434.0,121434.0,122001.0,122569.0,123325.0
소노펠리체CC 하이퐁,몽키트래블,드래곤 골프 링크스,2026-06-11,오전,,,,,,,,,,,,,,,,,,,,,,,,,,,,121056.0,120488.0,90297.0,90297.0,90297.0,90719.0,91141.0,91703.0
소노펠리체CC 하이퐁,몽키트래블,드래곤 골프 링크스,2026-06-11,오후,,,,,,,,,,,,,,,,,,,,,,,,,,,,121056.0,120488.0,121434.0,121434.0,121434.0,122001.0,122569.0,123325.0
소노펠리체CC 하이퐁,몽키트래블,드래곤 골프 링크스,2026-06-12,오전,,,,,,,,,,,,,,,,,,,,,,,,,,,,,120488.0,90297.0,90297.0,90297.0,90719.0,91141.0,91703.0
소노펠리체CC 하이퐁,몽키트래블,드래곤 골프 링크스,2026-06-12,오후,,,,,,,,,,,,,,,,,,,,,,,,,,,,,120488.0,121434.0,121434.0,121434.0,122001.0,122569.0,123325.0
소노펠리체CC 하이퐁,몽키트래블,드래곤 골프 링크스,2026-06-13,오전,,,,,,,,,,,,,,,,,,,,,,,,,,,,,,165026.0,165026.0,165026.0,165797.0,166568.0,167596.0
소노펠리체CC 하이퐁,몽키트래블,드래곤 골프 링크스,2026-06-13,오후,,,,,,,,,,,,,,,,,,,,,,,,,,,,,,165026.0,165026.0,165026.0,165797.0,166568.0,167596.0
소노펠리체CC 하이퐁,몽키트래블,드래곤 골프 링크스,2026-06-14,오전,,,,,,,,,,,,,,,,,,,,,,,,,,,,,,,165026.0,165026.0,165797.0,166568.0,167596.0
소노펠리체CC 하이퐁,몽키트래블,드래곤 골프 링크스,2026-06-14,오후,,,,,,,,,,,,,,,,,,,,,,,,,,,,,,,165026.0,165026.0,165797.0,166568.0,167596.0
소노펠리체CC 하이퐁,몽키트래블,드래곤 골프 링크스,2026-06-15,오전,,,,,,,,,,,,,,,,,,,,,,,,,,,,,,,,90297.0,90719.0,91141.0,91703.0
소노펠리체CC 하이퐁,몽키트래블,드래곤 골프 링크스,2026-06-15,오후,,,,,,,,,,,,,,,,,,,,,,,,,,,,,,,,121434.0,122001.0,122569.0,123325.0
소노펠리체CC 하이퐁,몽키트래블,드래곤 골프 링크스,2026-06-16,오전,,,,,,,,,,,,,,,,,,,,,,,,,,,,,,,,,90719.0,91141.0,91703.0
소노펠리체CC 하이퐁,몽키트래블,드래곤 골프 링크스,2026-06-16,오후,,,,,,,,,,,,,,,,,,,,,,,,,,,,,,,,,122001.0,122569.0,123325.0
소노펠리체CC 하이퐁,몽키트래블,드래곤 골프 링크스,2026-06-17,오전,,,,,,,,,,,,,,,,,,,,,,,,,,,,,,,,,,91141.0,91703.0
소노펠리체CC 하이퐁,몽키트래블,드래곤 골프 링크스,2026-06-17,오후,,,,,,,,,,,,,,,,,,,,,,,,,,,,,,,,,,122569.0,123325.0
소노펠리체CC 하이퐁,몽키트래블,드래곤 골프 링크스,2026-06-18,오전,,,,,,,,,,,,,,,,,,,,,,,,,,,,,,,,,,,91703.0
소노펠리체CC 하이퐁,몽키트래블,드래곤 골프 링크스,2026-06-18,오후,,,,,,,,,,,,,,,,,,,,,,,,,,,,,,,,,,,123325.0
소노펠리체CC 하이퐁,몽키트래블,뚜언쩌우 골프 리조트,2026-04-19,오전,183330.0,,,,,,,,,,,,,,,,,,,,,,,,,,,,,,,,,,
소노펠리체CC 하이퐁,몽키트래블,뚜언쩌우 골프 리조트,2026-04-19,오후,183330.0,,,,,,,,,,,,,,,,,,,,,,,,,,,,,,,,,,
소노펠리체CC 하이퐁,몽키트래블,뚜언쩌우 골프 리조트,2026-04-20,오전,119164.0,,,,,,,,,,,,,,,,,,,,,,,,,,,,,,,,,,
소노펠리체CC 하이퐁,몽키트래블,뚜언쩌우 골프 리조트,2026-04-20,오후,119164.0,,,,,,,,,,,,,,,,,,,,,,,,,,,,,,,,,,
소노펠리체CC 하이퐁,몽키트래블,뚜언쩌우 골프 리조트,2026-04-21,오전,119164.0,118407.0,,,,,,,,,,,,,,,,,,,,,,,,,,,,,,,,,
소노펠리체CC 하이퐁,몽키트래블,뚜언쩌우 골프 리조트,2026-04-21,오후,119164.0,118407.0,,,,,,,,,,,,,,,,,,,,,,,,,,,,,,,,,
소노펠리체CC 하이퐁,몽키트래블,뚜언쩌우 골프 리조트,2026-04-22,오전,119164.0,118407.0,118407.0,,,,,,,,,,,,,,,,,,,,,,,,,,,,,,,,
소노펠리체CC 하이퐁,몽키트래블,뚜언쩌우 골프 리조트,2026-04-22,오후,119164.0,118407.0,118407.0,,,,,,,,,,,,,,,,,,,,,,,,,,,,,,,,
소노펠리체CC 하이퐁,몽키트래블,뚜언쩌우 골프 리조트,2026-04-23,오전,119164.0,118407.0,118407.0,118975.0,,,,,,,,,,,,,,,,,,,,,,,,,,,,,,,
소노펠리체CC 하이퐁,몽키트래블,뚜언쩌우 골프 리조트,2026-04-23,오후,119164.0,118407.0,118407.0,118975.0,,,,,,,,,,,,,,,,,,,,,,,,,,,,,,,
소노펠리체CC 하이퐁,몽키트래블,뚜언쩌우 골프 리조트,2026-04-24,오전,119164.0,118407.0,118407.0,118975.0,,,,,,,,,,,,,,,,,,,,,,,,,,,,,,,
소노펠리체CC 하이퐁,몽키트래블,뚜언쩌우 골프 리조트,2026-04-24,오후,119164.0,118407.0,118407.0,118975.0,,,,,,,,,,,,,,,,,,,,,,,,,,,,,,,
소노펠리체CC 하이퐁,몽키트래블,뚜언쩌우 골프 리조트,2026-04-25,오전,198607.0,197346.0,197346.0,198292.0,197977.0,,,,,,,,,,,,,,,,,,,,,,,,,,,,,,
소노펠리체CC 하이퐁,몽키트래블,뚜언쩌우 골프 리조트,2026-04-25,오후,198607.0,197346.0,197346.0,198292.0,197977.0,,,,,,,,,,,,,,,,,,,,,,,,,,,,,,
소노펠리체CC 하이퐁,몽키트래블,뚜언쩌우 골프 리조트,2026-04-26,오전,216940.0,215563.0,215563.0,216596.0,216251.0,,,,,,,,,,,,,,,,,,,,,,,,,,,,,,
소노펠리체CC 하이퐁,몽키트래블,뚜언쩌우 골프 리조트,2026-04-26,오후,216940.0,215563.0,215563.0,216596.0,216251.0,,,,,,,,,,,,,,,,,,,,,,,,,,,,,,
소노펠리체CC 하이퐁,몽키트래블,뚜언쩌우 골프 리조트,2026-04-27,오전,198607.0,197346.0,197346.0,198292.0,197977.0,197977.0,,,,,,,,,,,,,,,,,,,,,,,,,,,,,
소노펠리체CC 하이퐁,몽키트래블,뚜언쩌우 골프 리조트,2026-04-27,오후,198607.0,197346.0,197346.0,198292.0,197977.0,197977.0,,,,,,,,,,,,,,,,,,,,,,,,,,,,,
소노펠리체CC 하이퐁,몽키트래블,뚜언쩌우 골프 리조트,2026-04-28,오전,137497.0,136624.0,136624.0,137279.0,137061.0,137061.0,136624.0,,,,,,,,,,,,,,,,,,,,,,,,,,,,
소노펠리체CC 하이퐁,몽키트래블,뚜언쩌우 골프 리조트,2026-04-28,오후,137497.0,136624.0,136624.0,137279.0,137061.0,137061.0,136624.0,,,,,,,,,,,,,,,,,,,,,,,,,,,,
소노펠리체CC 하이퐁,몽키트래블,뚜언쩌우 골프 리조트,2026-04-29,오전,137497.0,136624.0,136624.0,137279.0,137061.0,137061.0,136624.0,136842.0,,,,,,,,,,,,,,,,,,,,,,,,,,,
소노펠리체CC 하이퐁,몽키트래블,뚜언쩌우 골프 리조트,2026-04-29,오후,137497.0,136624.0,136624.0,137279.0,137061.0,137061.0,136624.0,136842.0,,,,,,,,,,,,,,,,,,,,,,,,,,,
소노펠리체CC 하이퐁,몽키트래블,뚜언쩌우 골프 리조트,2026-04-30,오전,198607.0,197346.0,197346.0,198292.0,197977.0,197977.0,197346.0,197661.0,198292.0,,,,,,,,,,,,,,,,,,,,,,,,,,
소노펠리체CC 하이퐁,몽키트래블,뚜언쩌우 골프 리조트,2026-04-30,오후,198607.0,197346.0,197346.0,198292.0,197977.0,197977.0,197346.0,197661.0,198292.0,,,,,,,,,,,,,,,,,,,,,,,,,,
소노펠리체CC 하이퐁,몽키트래블,뚜언쩌우 골프 리조트,2026-05-01,오전,216940.0,215563.0,215563.0,216596.0,216251.0,216251.0,215563.0,215907.0,216596.0,,,,,,,,,,,,,,,,,,,,,,,,,,
소노펠리체CC 하이퐁,몽키트래블,뚜언쩌우 골프 리조트,2026-05-01,오후,216940.0,215563.0,215563.0,216596.0,216251.0,216251.0,215563.0,215907.0,216596.0,,,,,,,,,,,,,,,,,,,,,,,,,,
소노펠리체CC 하이퐁,몽키트래블,뚜언쩌우 골프 리조트,2026-05-02,오전,198607.0,197346.0,197346.0,198292.0,197977.0,197977.0,197346.0,197661.0,198292.0,,,,,,,,,,,,,,,,,,,,,,,,,,
소노펠리체CC 하이퐁,몽키트래블,뚜언쩌우 골프 리조트,2026-05-02,오후,198607.0,197346.0,197346.0,198292.0,197977.0,197977.0,197346.0,197661.0,198292.0,,,,,,,,,,,,,,,,,,,,,,,,,,
소노펠리체CC 하이퐁,몽키트래블,뚜언쩌우 골프 리조트,2026-05-03,오전,,197346.0,197346.0,198292.0,197977.0,197977.0,197346.0,197661.0,198292.0,,,,,,,,,,,,,,,,,,,,,,,,,,
소노펠리체CC 하이퐁,몽키트래블,뚜언쩌우 골프 리조트,2026-05-03,오후,,197346.0,197346.0,198292.0,197977.0,197977.0,197346.0,197661.0,198292.0,,,,,,,,,,,,,,,,,,,,,,,,,,
소노펠리체CC 하이퐁,몽키트래블,뚜언쩌우 골프 리조트,2026-05-04,오전,,136624.0,136624.0,137279.0,137061.0,137061.0,136624.0,136842.0,137279.0,137061.0,136842.0,,,,,,,,,,,,,,,,,,,,,,,,
소노펠리체CC 하이퐁,몽키트래블,뚜언쩌우 골프 리조트,2026-05-04,오후,,136624.0,136624.0,137279.0,137061.0,137061.0,136624.0,136842.0,137279.0,137061.0,136842.0,,,,,,,,,,,,,,,,,,,,,,,,
소노펠리체CC 하이퐁,몽키트래블,뚜언쩌우 골프 리조트,2026-05-05,오전,,,136624.0,137279.0,137061.0,137061.0,136624.0,136842.0,137279.0,137061.0,136842.0,136624.0,,,,,,,,,,,,,,,,,,,,,,,
소노펠리체CC 하이퐁,몽키트래블,뚜언쩌우 골프 리조트,2026-05-05,오후,,,136624.0,137279.0,137061.0,137061.0,136624.0,136842.0,137279.0,137061.0,136842.0,136624.0,,,,,,,,,,,,,,,,,,,,,,,
소노펠리체CC 하이퐁,몽키트래블,뚜언쩌우 골프 리조트,2026-05-06,오전,,,,137279.0,137061.0,137061.0,136624.0,136842.0,137279.0,137061.0,136842.0,136624.0,137061.0,,,,,,,,,,,,,,,,,,,,,,
소노펠리체CC 하이퐁,몽키트래블,뚜언쩌우 골프 리조트,2026-05-06,오후,,,,137279.0,137061.0,137061.0,136624.0,136842.0,137279.0,137061.0,136842.0,136624.0,137061.0,,,,,,,,,,,,,,,,,,,,,,
소노펠리체CC 하이퐁,몽키트래블,뚜언쩌우 골프 리조트,2026-05-07,오전,,,,,137061.0,137061.0,136624.0,136842.0,137279.0,137061.0,136842.0,136624.0,137061.0,,,,,,,,,,,,,,,,,,,,,,
소노펠리체CC 하이퐁,몽키트래블,뚜언쩌우 골프 리조트,2026-05-07,오후,,,,,137061.0,137061.0,136624.0,136842.0,137279.0,137061.0,136842.0,136624.0,137061.0,,,,,,,,,,,,,,,,,,,,,,
소노펠리체CC 하이퐁,몽키트래블,뚜언쩌우 골프 리조트,2026-05-08,오전,,,,,137061.0,137061.0,136624.0,136842.0,137279.0,137061.0,136842.0,136624.0,137061.0,,,,,,,,,,,,,,,,,,,,,,
소노펠리체CC 하이퐁,몽키트래블,뚜언쩌우 골프 리조트,2026-05-08,오후,,,,,137061.0,137061.0,136624.0,136842.0,137279.0,137061.0,136842.0,136624.0,137061.0,,,,,,,,,,,,,,,,,,,,,,
소노펠리체CC 하이퐁,몽키트래블,뚜언쩌우 골프 리조트,2026-05-09,오전,,,,,,197977.0,197346.0,197661.0,198292.0,,,,,,,,,,,,,,,,,,,,,,,,,,
소노펠리체CC 하이퐁,몽키트래블,뚜언쩌우 골프 리조트,2026-05-09,오후,,,,,,197977.0,197346.0,197661.0,198292.0,,,,,,,,,,,,,,,,,,,,,,,,,,
소노펠리체CC 하이퐁,몽키트래블,뚜언쩌우 골프 리조트,2026-05-10,오전,,,,,,197977.0,197346.0,197661.0,198292.0,,,,,,,,,,,,,,,,,,,,,,,,,,
소노펠리체CC 하이퐁,몽키트래블,뚜언쩌우 골프 리조트,2026-05-10,오후,,,,,,197977.0,197346.0,197661.0,198292.0,,,,,,,,,,,,,,,,,,,,,,,,,,
소노펠리체CC 하이퐁,몽키트래블,뚜언쩌우 골프 리조트,2026-05-11,오전,,,,,,,136624.0,136842.0,137279.0,137061.0,136842.0,136624.0,137061.0,135751.0,,,,,,,,,,,,,,,,,,,,,
소노펠리체CC 하이퐁,몽키트래블,뚜언쩌우 골프 리조트,2026-05-11,오후,,,,,,,136624.0,136842.0,137279.0,137061.0,136842.0,136624.0,137061.0,135751.0,,,,,,,,,,,,,,,,,,,,,
소노펠리체CC 하이퐁,몽키트래블,뚜언쩌우 골프 리조트,2026-05-12,오전,,,,,,,,136842.0,137279.0,137061.0,136842.0,136624.0,137061.0,135751.0,136188.0,,,,,,,,,,,,,,,,,,,,
소노펠리체CC 하이퐁,몽키트래블,뚜언쩌우 골프 리조트,2026-05-12,오후,,,,,,,,136842.0,137279.0,137061.0,136842.0,136624.0,137061.0,135751.0,136188.0,,,,,,,,,,,,,,,,,,,,
소노펠리체CC 하이퐁,몽키트래블,뚜언쩌우 골프 리조트,2026-05-13,오전,,,,,,,,,137279.0,137061.0,136842.0,136624.0,137061.0,135751.0,136188.0,136842.0,,,,,,,,,,,,,,,,,,,
소노펠리체CC 하이퐁,몽키트래블,뚜언쩌우 골프 리조트,2026-05-13,오후,,,,,,,,,137279.0,137061.0,136842.0,136624.0,137061.0,135751.0,136188.0,136842.0,,,,,,,,,,,,,,,,,,,
소노펠리체CC 하이퐁,몽키트래블,뚜언쩌우 골프 리조트,2026-05-14,오전,,,,,,,,,,137061.0,136842.0,136624.0,137061.0,135751.0,136188.0,136842.0,138807.0,,,,,,,,,,,,,,,,,,
소노펠리체CC 하이퐁,몽키트래블,뚜언쩌우 골프 리조트,2026-05-14,오후,,,,,,,,,,137061.0,136842.0,136624.0,137061.0,135751.0,136188.0,136842.0,138807.0,,,,,,,,,,,,,,,,,,
소노펠리체CC 하이퐁,몽키트래블,뚜언쩌우 골프 리조트,2026-05-15,오전,,,,,,,,,,,136842.0,136624.0,137061.0,135751.0,136188.0,136842.0,138807.0,138152.0,,,,,,,,,,,,,,,,,
소노펠리체CC 하이퐁,몽키트래블,뚜언쩌우 골프 리조트,2026-05-15,오후,,,,,,,,,,,136842.0,136624.0,137061.0,135751.0,136188.0,136842.0,138807.0,138152.0,,,,,,,,,,,,,,,,,
소노펠리체CC 하이퐁,몽키트래블,뚜언쩌우 골프 리조트,2026-05-18,오전,,,,,,,,,,,,136624.0,137061.0,135751.0,136188.0,136842.0,138807.0,138152.0,138588.0,139025.0,139025.0,,,,,,,,,,,,,,
소노펠리체CC 하이퐁,몽키트래블,뚜언쩌우 골프 리조트,2026-05-18,오후,,,,,,,,,,,,136624.0,137061.0,135751.0,136188.0,136842.0,138807.0,138152.0,138588.0,139025.0,139025.0,,,,,,,,,,,,,,
소노펠리체CC 하이퐁,몽키트래블,뚜언쩌우 골프 리조트,2026-05-19,오전,,,,,,,,,,,,,137061.0,135751.0,136188.0,136842.0,138807.0,138152.0,138588.0,139025.0,139025.0,139025.0,,,,,,,,,,,,,
소노펠리체CC 하이퐁,몽키트래블,뚜언쩌우 골프 리조트,2026-05-19,오후,,,,,,,,,,,,,137061.0,135751.0,136188.0,136842.0,138807.0,138152.0,138588.0,139025.0,139025.0,139025.0,,,,,,,,,,,,,
소노펠리체CC 하이퐁,몽키트래블,뚜언쩌우 골프 리조트,2026-05-20,오전,,,,,,,,,,,,,,135751.0,136188.0,136842.0,138807.0,138152.0,138588.0,139025.0,139025.0,139025.0,138588.0,,,,,,,,,,,,
소노펠리체CC 하이퐁,몽키트래블,뚜언쩌우 골프 리조트,2026-05-20,오후,,,,,,,,,,,,,,135751.0,136188.0,136842.0,138807.0,138152.0,138588.0,139025.0,139025.0,139025.0,138588.0,,,,,,,,,,,,
소노펠리체CC 하이퐁,몽키트래블,뚜언쩌우 골프 리조트,2026-05-21,오전,,,,,,,,,,,,,,135751.0,136188.0,136842.0,138807.0,138152.0,138588.0,139025.0,139025.0,139025.0,138588.0,,,,,,,,,,,,
소노펠리체CC 하이퐁,몽키트래블,뚜언쩌우 골프 리조트,2026-05-21,오후,,,,,,,,,,,,,,135751.0,136188.0,136842.0,138807.0,138152.0,138588.0,139025.0,139025.0,139025.0,138588.0,,,,,,,,,,,,
소노펠리체CC 하이퐁,몽키트래블,뚜언쩌우 골프 리조트,2026-05-22,오전,,,,,,,,,,,,,,135751.0,136188.0,136842.0,138807.0,138152.0,138588.0,139025.0,139025.0,139025.0,138588.0,,,,,,,,,,,,
소노펠리체CC 하이퐁,몽키트래블,뚜언쩌우 골프 리조트,2026-05-22,오후,,,,,,,,,,,,,,135751.0,136188.0,136842.0,138807.0,138152.0,138588.0,139025.0,139025.0,139025.0,138588.0,,,,,,,,,,,,
소노펠리체CC 하이퐁,몽키트래블,뚜언쩌우 골프 리조트,2026-05-25,오전,,,,,,,,,,,,,,,136188.0,136842.0,138807.0,138152.0,138588.0,139025.0,139025.0,139025.0,138588.0,140989.0,,,,,,,,,,,
소노펠리체CC 하이퐁,몽키트래블,뚜언쩌우 골프 리조트,2026-05-25,오후,,,,,,,,,,,,,,,136188.0,136842.0,138807.0,138152.0,138588.0,139025.0,139025.0,139025.0,138588.0,140989.0,,,,,,,,,,,
소노펠리체CC 하이퐁,몽키트래블,뚜언쩌우 골프 리조트,2026-05-26,오전,,,,,,,,,,,,,,,,136842.0,138807.0,138152.0,138588.0,139025.0,139025.0,139025.0,138588.0,140989.0,140334.0,,,,,,,,,,
소노펠리체CC 하이퐁,몽키트래블,뚜언쩌우 골프 리조트,2026-05-26,오후,,,,,,,,,,,,,,,,136842.0,138807.0,138152.0,138588.0,139025.0,139025.0,139025.0,138588.0,140989.0,140334.0,,,,,,,,,,
소노펠리체CC 하이퐁,몽키트래블,뚜언쩌우 골프 리조트,2026-05-27,오전,,,,,,,,,,,,,,,,,138807.0,138152.0,138588.0,139025.0,139025.0,139025.0,138588.0,140989.0,140334.0,140334.0,,,,,,,,,
소노펠리체CC 하이퐁,몽키트래블,뚜언쩌우 골프 리조트,2026-05-27,오후,,,,,,,,,,,,,,,,,138807.0,138152.0,138588.0,139025.0,139025.0,139025.0,138588.0,140989.0,140334.0,140334.0,,,,,,,,,
소노펠리체CC 하이퐁,몽키트래블,뚜언쩌우 골프 리조트,2026-05-28,오전,,,,,,,,,,,,,,,,,,138152.0,138588.0,139025.0,139025.0,139025.0,138588.0,140989.0,140334.0,140334.0,139898.0,,,,,,,,
소노펠리체CC 하이퐁,몽키트래블,뚜언쩌우 골프 리조트,2026-05-28,오후,,,,,,,,,,,,,,,,,,138152.0,138588.0,139025.0,139025.0,139025.0,138588.0,140989.0,140334.0,140334.0,139898.0,,,,,,,,
소노펠리체CC 하이퐁,몽키트래블,뚜언쩌우 골프 리조트,2026-05-29,오전,,,,,,,,,,,,,,,,,,,138588.0,139025.0,139025.0,139025.0,138588.0,140989.0,140334.0,140334.0,139898.0,139680.0,,,,,,,
소노펠리체CC 하이퐁,몽키트래블,뚜언쩌우 골프 리조트,2026-05-29,오후,,,,,,,,,,,,,,,,,,,138588.0,139025.0,139025.0,139025.0,138588.0,140989.0,140334.0,140334.0,139898.0,139680.0,,,,,,,
소노펠리체CC 하이퐁,몽키트래블,뚜언쩌우 골프 리조트,2026-06-01,오전,,,,,,,,,,,,,,,,,,,,,,139025.0,138588.0,140989.0,140334.0,140334.0,139898.0,139680.0,139025.0,140116.0,140116.0,,,,
소노펠리체CC 하이퐁,몽키트래블,뚜언쩌우 골프 리조트,2026-06-01,오후,,,,,,,,,,,,,,,,,,,,,,139025.0,138588.0,140989.0,140334.0,140334.0,139898.0,139680.0,139025.0,140116.0,140116.0,,,,
소노펠리체CC 하이퐁,몽키트래블,뚜언쩌우 골프 리조트,2026-06-02,오전,,,,,,,,,,,,,,,,,,,,,,,138588.0,140989.0,140334.0,140334.0,139898.0,139680.0,139025.0,140116.0,140116.0,140116.0,,,
소노펠리체CC 하이퐁,몽키트래블,뚜언쩌우 골프 리조트,2026-06-02,오후,,,,,,,,,,,,,,,,,,,,,,,138588.0,140989.0,140334.0,140334.0,139898.0,139680.0,139025.0,140116.0,140116.0,140116.0,,,
소노펠리체CC 하이퐁,몽키트래블,뚜언쩌우 골프 리조트,2026-06-03,오전,,,,,,,,,,,,,,,,,,,,,,,,140989.0,140334.0,140334.0,139898.0,139680.0,139025.0,140116.0,140116.0,140116.0,140771.0,,
소노펠리체CC 하이퐁,몽키트래블,뚜언쩌우 골프 리조트,2026-06-03,오후,,,,,,,,,,,,,,,,,,,,,,,,140989.0,140334.0,140334.0,139898.0,139680.0,139025.0,140116.0,140116.0,140116.0,140771.0,,
소노펠리체CC 하이퐁,몽키트래블,뚜언쩌우 골프 리조트,2026-06-04,오전,,,,,,,,,,,,,,,,,,,,,,,,140989.0,140334.0,140334.0,139898.0,139680.0,139025.0,140116.0,140116.0,140116.0,140771.0,141426.0,
소노펠리체CC 하이퐁,몽키트래블,뚜언쩌우 골프 리조트,2026-06-04,오후,,,,,,,,,,,,,,,,,,,,,,,,140989.0,140334.0,140334.0,139898.0,139680.0,139025.0,140116.0,140116.0,140116.0,140771.0,141426.0,
소노펠리체CC 하이퐁,몽키트래블,뚜언쩌우 골프 리조트,2026-06-05,오전,,,,,,,,,,,,,,,,,,,,,,,,140989.0,140334.0,140334.0,139898.0,139680.0,139025.0,140116.0,140116.0,140116.0,140771.0,141426.0,142299.0
소노펠리체CC 하이퐁,몽키트래블,뚜언쩌우 골프 리조트,2026-06-05,오후,,,,,,,,,,,,,,,,,,,,,,,,140989.0,140334.0,140334.0,139898.0,139680.0,139025.0,140116.0,140116.0,140116.0,140771.0,141426.0,142299.0
소노펠리체CC 하이퐁,몽키트래블,뚜언쩌우 골프 리조트,2026-06-08,오전,,,,,,,,,,,,,,,,,,,,,,,,,140334.0,140334.0,139898.0,139680.0,139025.0,140116.0,140116.0,140116.0,140771.0,141426.0,142299.0
소노펠리체CC 하이퐁,몽키트래블,뚜언쩌우 골프 리조트,2026-06-08,오후,,,,,,,,,,,,,,,,,,,,,,,,,140334.0,140334.0,139898.0,139680.0,139025.0,140116.0,140116.0,140116.0,140771.0,141426.0,142299.0
소노펠리체CC 하이퐁,몽키트래블,뚜언쩌우 골프 리조트,2026-06-09,오전,,,,,,,,,,,,,,,,,,,,,,,,,,140334.0,139898.0,139680.0,139025.0,140116.0,140116.0,140116.0,140771.0,141426.0,142299.0
소노펠리체CC 하이퐁,몽키트래블,뚜언쩌우 골프 리조트,2026-06-09,오후,,,,,,,,,,,,,,,,,,,,,,,,,,140334.0,139898.0,139680.0,139025.0,140116.0,140116.0,140116.0,140771.0,141426.0,142299.0
소노펠리체CC 하이퐁,몽키트래블,뚜언쩌우 골프 리조트,2026-06-10,오전,,,,,,,,,,,,,,,,,,,,,,,,,,,139898.0,139680.0,139025.0,140116.0,140116.0,140116.0,140771.0,141426.0,142299.0
소노펠리체CC 하이퐁,몽키트래블,뚜언쩌우 골프 리조트,2026-06-10,오후,,,,,,,,,,,,,,,,,,,,,,,,,,,139898.0,139680.0,139025.0,140116.0,140116.0,140116.0,140771.0,141426.0,142299.0
소노펠리체CC 하이퐁,몽키트래블,뚜언쩌우 골프 리조트,2026-06-11,오전,,,,,,,,,,,,,,,,,,,,,,,,,,,,139680.0,139025.0,140116.0,140116.0,140116.0,140771.0,141426.0,142299.0
소노펠리체CC 하이퐁,몽키트래블,뚜언쩌우 골프 리조트,2026-06-11,오후,,,,,,,,,,,,,,,,,,,,,,,,,,,,139680.0,139025.0,140116.0,140116.0,140116.0,140771.0,141426.0,142299.0
소노펠리체CC 하이퐁,몽키트래블,뚜언쩌우 골프 리조트,2026-06-12,오전,,,,,,,,,,,,,,,,,,,,,,,,,,,,,139025.0,140116.0,140116.0,140116.0,140771.0,141426.0,142299.0
소노펠리체CC 하이퐁,몽키트래블,뚜언쩌우 골프 리조트,2026-06-12,오후,,,,,,,,,,,,,,,,,,,,,,,,,,,,,139025.0,140116.0,140116.0,140116.0,140771.0,141426.0,142299.0
소노펠리체CC 하이퐁,몽키트래블,뚜언쩌우 골프 리조트,2026-06-15,오전,,,,,,,,,,,,,,,,,,,,,,,,,,,,,,,,140116.0,140771.0,141426.0,142299.0
소노펠리체CC 하이퐁,몽키트래블,뚜언쩌우 골프 리조트,2026-06-15,오후,,,,,,,,,,,,,,,,,,,,,,,,,,,,,,,,140116.0,140771.0,141426.0,142299.0
소노펠리체CC 하이퐁,몽키트래블,뚜언쩌우 골프 리조트,2026-06-16,오전,,,,,,,,,,,,,,,,,,,,,,,,,,,,,,,,,140771.0,141426.0,142299.0
소노펠리체CC 하이퐁,몽키트래블,뚜언쩌우 골프 리조트,2026-06-16,오후,,,,,,,,,,,,,,,,,,,,,,,,,,,,,,,,,140771.0,141426.0,142299.0
소노펠리체CC 하이퐁,몽키트래블,뚜언쩌우 골프 리조트,2026-06-17,오전,,,,,,,,,,,,,,,,,,,,,,,,,,,,,,,,,,141426.0,142299.0
소노펠리체CC 하이퐁,몽키트래블,뚜언쩌우 골프 리조트,2026-06-17,오후,,,,,,,,,,,,,,,,,,,,,,,,,,,,,,,,,,141426.0,142299.0
소노펠리체CC 하이퐁,몽키트래블,뚜언쩌우 골프 리조트,2026-06-18,오전,,,,,,,,,,,,,,,,,,,,,,,,,,,,,,,,,,,142299.0
소노펠리체CC 하이퐁,몽키트래블,뚜언쩌우 골프 리조트,2026-06-18,오후,,,,,,,,,,,,,,,,,,,,,,,,,,,,,,,,,,,142299.0
소노펠리체CC 하이퐁,몽키트래블,빈펄 골프 하이퐁,2026-04-19,오전,168052.0,,,,,,,,,,,,,,,,,,,,,,,,,,,,,,,,,,
소노펠리체CC 하이퐁,몽키트래블,빈펄 골프 하이퐁,2026-04-19,오후,168052.0,,,,,,,,,,,,,,,,,,,,,,,,,,,,,,,,,,
소노펠리체CC 하이퐁,몽키트래블,빈펄 골프 하이퐁,2026-04-20,오전,131386.0,,,,,,,,,,,,,,,,,,,,,,,,,,,,,,,,,,
소노펠리체CC 하이퐁,몽키트래블,빈펄 골프 하이퐁,2026-04-20,오후,131386.0,,,,,,,,,,,,,,,,,,,,,,,,,,,,,,,,,,
소노펠리체CC 하이퐁,몽키트래블,빈펄 골프 하이퐁,2026-04-21,오전,131386.0,130552.0,,,,,,,,,,,,,,,,,,,,,,,,,,,,,,,,,
소노펠리체CC 하이퐁,몽키트래블,빈펄 골프 하이퐁,2026-04-21,오후,131386.0,130552.0,,,,,,,,,,,,,,,,,,,,,,,,,,,,,,,,,
소노펠리체CC 하이퐁,몽키트래블,빈펄 골프 하이퐁,2026-04-22,오전,131386.0,130552.0,127394.0,,,,,,,,,,,,,,,,,,,,,,,,,,,,,,,,
소노펠리체CC 하이퐁,몽키트래블,빈펄 골프 하이퐁,2026-04-22,오후,131386.0,130552.0,127394.0,,,,,,,,,,,,,,,,,,,,,,,,,,,,,,,,
소노펠리체CC 하이퐁,몽키트래블,빈펄 골프 하이퐁,2026-04-23,오전,131386.0,130552.0,127394.0,128005.0,,,,,,,,,,,,,,,,,,,,,,,,,,,,,,,
소노펠리체CC 하이퐁,몽키트래블,빈펄 골프 하이퐁,2026-04-23,오후,131386.0,130552.0,127394.0,128005.0,,,,,,,,,,,,,,,,,,,,,,,,,,,,,,,
소노펠리체CC 하이퐁,몽키트래블,빈펄 골프 하이퐁,2026-04-24,오전,131386.0,130552.0,127394.0,128005.0,,,,,,,,,,,,,,,,,,,,,,,,,,,,,,,
소노펠리체CC 하이퐁,몽키트래블,빈펄 골프 하이퐁,2026-04-24,오후,131386.0,130552.0,127394.0,128005.0,,,,,,,,,,,,,,,,,,,,,,,,,,,,,,,
소노펠리체CC 하이퐁,몽키트래블,빈펄 골프 하이퐁,2026-04-25,오전,168052.0,166985.0,166985.0,167785.0,167519.0,,,,,,,,,,,,,,,,,,,,,,,,,,,,,,
소노펠리체CC 하이퐁,몽키트래블,빈펄 골프 하이퐁,2026-04-25,오후,168052.0,166985.0,166985.0,167785.0,167519.0,,,,,,,,,,,,,,,,,,,,,,,,,,,,,,
소노펠리체CC 하이퐁,몽키트래블,빈펄 골프 하이퐁,2026-04-26,오전,168052.0,166985.0,166985.0,167785.0,167519.0,,,,,,,,,,,,,,,,,,,,,,,,,,,,,,
소노펠리체CC 하이퐁,몽키트래블,빈펄 골프 하이퐁,2026-04-26,오후,168052.0,166985.0,166985.0,167785.0,167519.0,,,,,,,,,,,,,,,,,,,,,,,,,,,,,,
소노펠리체CC 하이퐁,몽키트래블,빈펄 골프 하이퐁,2026-04-27,오전,168052.0,166985.0,166985.0,167785.0,167519.0,167519.0,,,,,,,,,,,,,,,,,,,,,,,,,,,,,
소노펠리체CC 하이퐁,몽키트래블,빈펄 골프 하이퐁,2026-04-27,오후,168052.0,166985.0,166985.0,167785.0,167519.0,167519.0,,,,,,,,,,,,,,,,,,,,,,,,,,,,,
소노펠리체CC 하이퐁,몽키트래블,빈펄 골프 하이퐁,2026-04-28,오전,131386.0,130552.0,127394.0,128005.0,127801.0,127801.0,127394.0,,,,,,,,,,,,,,,,,,,,,,,,,,,,
소노펠리체CC 하이퐁,몽키트래블,빈펄 골프 하이퐁,2026-04-28,오후,131386.0,130552.0,127394.0,128005.0,127801.0,127801.0,127394.0,,,,,,,,,,,,,,,,,,,,,,,,,,,,
소노펠리체CC 하이퐁,몽키트래블,빈펄 골프 하이퐁,2026-04-29,오전,131386.0,130552.0,127394.0,128005.0,127801.0,127801.0,127394.0,127598.0,,,,,,,,,,,,,,,,,,,,,,,,,,,
소노펠리체CC 하이퐁,몽키트래블,빈펄 골프 하이퐁,2026-04-29,오후,131386.0,130552.0,127394.0,128005.0,127801.0,127801.0,127394.0,127598.0,,,,,,,,,,,,,,,,,,,,,,,,,,,
소노펠리체CC 하이퐁,몽키트래블,빈펄 골프 하이퐁,2026-04-30,오전,168052.0,166985.0,166985.0,167785.0,167519.0,167519.0,166985.0,167252.0,167785.0,,,,,,,,,,,,,,,,,,,,,,,,,,
소노펠리체CC 하이퐁,몽키트래블,빈펄 골프 하이퐁,2026-04-30,오후,168052.0,166985.0,166985.0,167785.0,167519.0,167519.0,166985.0,167252.0,167785.0,,,,,,,,,,,,,,,,,,,,,,,,,,
소노펠리체CC 하이퐁,몽키트래블,빈펄 골프 하이퐁,2026-05-01,오전,168052.0,166985.0,166985.0,167785.0,167519.0,167519.0,166985.0,167252.0,167785.0,167519.0,,,,,,,,,,,,,,,,,,,,,,,,,
소노펠리체CC 하이퐁,몽키트래블,빈펄 골프 하이퐁,2026-05-01,오후,168052.0,166985.0,166985.0,167785.0,167519.0,167519.0,166985.0,167252.0,167785.0,167519.0,,,,,,,,,,,,,,,,,,,,,,,,,
소노펠리체CC 하이퐁,몽키트래블,빈펄 골프 하이퐁,2026-05-02,오전,168052.0,166985.0,166985.0,167785.0,167519.0,167519.0,166985.0,167252.0,167785.0,167519.0,167252.0,,,,,,,,,,,,,,,,,,,,,,,,
소노펠리체CC 하이퐁,몽키트래블,빈펄 골프 하이퐁,2026-05-02,오후,168052.0,166985.0,166985.0,167785.0,167519.0,167519.0,166985.0,167252.0,167785.0,167519.0,167252.0,,,,,,,,,,,,,,,,,,,,,,,,
소노펠리체CC 하이퐁,몽키트래블,빈펄 골프 하이퐁,2026-05-03,오전,,166985.0,166985.0,167785.0,167519.0,167519.0,166985.0,167252.0,167785.0,167519.0,167252.0,,,,,,,,,,,,,,,,,,,,,,,,
소노펠리체CC 하이퐁,몽키트래블,빈펄 골프 하이퐁,2026-05-03,오후,,166985.0,166985.0,167785.0,167519.0,167519.0,166985.0,167252.0,167785.0,167519.0,167252.0,,,,,,,,,,,,,,,,,,,,,,,,
소노펠리체CC 하이퐁,몽키트래블,빈펄 골프 하이퐁,2026-05-04,오전,,130552.0,127394.0,128005.0,127801.0,127801.0,127394.0,127598.0,128005.0,127801.0,127598.0,,,,,,,,,,,,,,,,,,,,,,,,
소노펠리체CC 하이퐁,몽키트래블,빈펄 골프 하이퐁,2026-05-04,오후,,130552.0,127394.0,128005.0,127801.0,127801.0,127394.0,127598.0,128005.0,127801.0,127598.0,,,,,,,,,,,,,,,,,,,,,,,,
소노펠리체CC 하이퐁,몽키트래블,빈펄 골프 하이퐁,2026-05-05,오전,,,127394.0,128005.0,127801.0,127801.0,127394.0,127598.0,128005.0,127801.0,127598.0,127394.0,,,,,,,,,,,,,,,,,,,,,,,
소노펠리체CC 하이퐁,몽키트래블,빈펄 골프 하이퐁,2026-05-05,오후,,,127394.0,128005.0,127801.0,127801.0,127394.0,127598.0,128005.0,127801.0,127598.0,127394.0,,,,,,,,,,,,,,,,,,,,,,,
소노펠리체CC 하이퐁,몽키트래블,빈펄 골프 하이퐁,2026-05-06,오전,,,,128005.0,127801.0,127801.0,127394.0,127598.0,128005.0,127801.0,127598.0,127394.0,134015.0,,,,,,,,,,,,,,,,,,,,,,
소노펠리체CC 하이퐁,몽키트래블,빈펄 골프 하이퐁,2026-05-06,오후,,,,128005.0,127801.0,127801.0,127394.0,127598.0,128005.0,127801.0,127598.0,127394.0,134015.0,,,,,,,,,,,,,,,,,,,,,,
소노펠리체CC 하이퐁,몽키트래블,빈펄 골프 하이퐁,2026-05-07,오전,,,,,127801.0,127801.0,127394.0,127598.0,128005.0,127801.0,127598.0,127394.0,134015.0,,,,,,,,,,,,,,,,,,,,,,
소노펠리체CC 하이퐁,몽키트래블,빈펄 골프 하이퐁,2026-05-07,오후,,,,,127801.0,127801.0,127394.0,127598.0,128005.0,127801.0,127598.0,127394.0,134015.0,,,,,,,,,,,,,,,,,,,,,,
소노펠리체CC 하이퐁,몽키트래블,빈펄 골프 하이퐁,2026-05-08,오전,,,,,127801.0,127801.0,127394.0,127598.0,128005.0,127801.0,127598.0,127394.0,134015.0,,,,,,,,,,,,,,,,,,,,,,
소노펠리체CC 하이퐁,몽키트래블,빈펄 골프 하이퐁,2026-05-08,오후,,,,,127801.0,127801.0,127394.0,127598.0,128005.0,127801.0,127598.0,127394.0,134015.0,,,,,,,,,,,,,,,,,,,,,,
소노펠리체CC 하이퐁,몽키트래블,빈펄 골프 하이퐁,2026-05-09,오전,,,,,,167519.0,166985.0,167252.0,167785.0,167519.0,167252.0,166985.0,170564.0,,,,,,,,,,,,,,,,,,,,,,
소노펠리체CC 하이퐁,몽키트래블,빈펄 골프 하이퐁,2026-05-09,오후,,,,,,167519.0,166985.0,167252.0,167785.0,167519.0,167252.0,166985.0,170564.0,,,,,,,,,,,,,,,,,,,,,,
소노펠리체CC 하이퐁,몽키트래블,빈펄 골프 하이퐁,2026-05-10,오전,,,,,,167519.0,166985.0,167252.0,167785.0,167519.0,167252.0,166985.0,170564.0,168935.0,,,,,,,,,,,,,,,,,,,,,
소노펠리체CC 하이퐁,몽키트래블,빈펄 골프 하이퐁,2026-05-10,오후,,,,,,167519.0,166985.0,167252.0,167785.0,167519.0,167252.0,166985.0,170564.0,168935.0,,,,,,,,,,,,,,,,,,,,,
소노펠리체CC 하이퐁,몽키트래블,빈펄 골프 하이퐁,2026-05-11,오전,,,,,,,127394.0,127598.0,128005.0,127801.0,127598.0,127394.0,134015.0,132734.0,,,,,,,,,,,,,,,,,,,,,
소노펠리체CC 하이퐁,몽키트래블,빈펄 골프 하이퐁,2026-05-11,오후,,,,,,,127394.0,127598.0,128005.0,127801.0,127598.0,127394.0,134015.0,132734.0,,,,,,,,,,,,,,,,,,,,,
소노펠리체CC 하이퐁,몽키트래블,빈펄 골프 하이퐁,2026-05-12,오전,,,,,,,,127598.0,128005.0,127801.0,127598.0,127394.0,134015.0,132734.0,133161.0,,,,,,,,,,,,,,,,,,,,
소노펠리체CC 하이퐁,몽키트래블,빈펄 골프 하이퐁,2026-05-12,오후,,,,,,,,127598.0,128005.0,127801.0,127598.0,127394.0,134015.0,132734.0,133161.0,,,,,,,,,,,,,,,,,,,,
소노펠리체CC 하이퐁,몽키트래블,빈펄 골프 하이퐁,2026-05-13,오전,,,,,,,,,128005.0,127801.0,127598.0,127394.0,134015.0,132734.0,133161.0,133801.0,,,,,,,,,,,,,,,,,,,
소노펠리체CC 하이퐁,몽키트래블,빈펄 골프 하이퐁,2026-05-13,오후,,,,,,,,,128005.0,127801.0,127598.0,127394.0,134015.0,132734.0,133161.0,133801.0,,,,,,,,,,,,,,,,,,,
소노펠리체CC 하이퐁,몽키트래블,빈펄 골프 하이퐁,2026-05-14,오전,,,,,,,,,,127801.0,127598.0,127394.0,134015.0,132734.0,133161.0,133801.0,135722.0,,,,,,,,,,,,,,,,,,
소노펠리체CC 하이퐁,몽키트래블,빈펄 골프 하이퐁,2026-05-14,오후,,,,,,,,,,127801.0,127598.0,127394.0,134015.0,132734.0,133161.0,133801.0,135722.0,,,,,,,,,,,,,,,,,,
소노펠리체CC 하이퐁,몽키트래블,빈펄 골프 하이퐁,2026-05-15,오전,,,,,,,,,,,127598.0,127394.0,134015.0,132734.0,133161.0,133801.0,135722.0,135082.0,,,,,,,,,,,,,,,,,
소노펠리체CC 하이퐁,몽키트래블,빈펄 골프 하이퐁,2026-05-15,오후,,,,,,,,,,,127598.0,127394.0,134015.0,132734.0,133161.0,133801.0,135722.0,135082.0,,,,,,,,,,,,,,,,,
소노펠리체CC 하이퐁,몽키트래블,빈펄 골프 하이퐁,2026-05-16,오전,,,,,,,,,,,,166985.0,170564.0,168935.0,169478.0,170293.0,172737.0,171922.0,172466.0,,,,,,,,,,,,,,,,
소노펠리체CC 하이퐁,몽키트래블,빈펄 골프 하이퐁,2026-05-16,오후,,,,,,,,,,,,166985.0,170564.0,168935.0,169478.0,170293.0,172737.0,171922.0,172466.0,,,,,,,,,,,,,,,,
소노펠리체CC 하이퐁,몽키트래블,빈펄 골프 하이퐁,2026-05-17,오전,,,,,,,,,,,,166985.0,170564.0,168935.0,169478.0,170293.0,172737.0,171922.0,172466.0,173009.0,,,,,,,,,,,,,,,
소노펠리체CC 하이퐁,몽키트래블,빈펄 골프 하이퐁,2026-05-17,오후,,,,,,,,,,,,166985.0,170564.0,168935.0,169478.0,170293.0,172737.0,171922.0,172466.0,173009.0,,,,,,,,,,,,,,,
소노펠리체CC 하이퐁,몽키트래블,빈펄 골프 하이퐁,2026-05-18,오전,,,,,,,,,,,,127394.0,134015.0,132734.0,133161.0,133801.0,135722.0,135082.0,135509.0,135935.0,135935.0,,,,,,,,,,,,,,
소노펠리체CC 하이퐁,몽키트래블,빈펄 골프 하이퐁,2026-05-18,오후,,,,,,,,,,,,127394.0,134015.0,132734.0,133161.0,133801.0,135722.0,135082.0,135509.0,135935.0,135935.0,,,,,,,,,,,,,,
소노펠리체CC 하이퐁,몽키트래블,빈펄 골프 하이퐁,2026-05-19,오전,,,,,,,,,,,,,134015.0,132734.0,133161.0,133801.0,135722.0,135082.0,135509.0,135935.0,135935.0,135935.0,,,,,,,,,,,,,
소노펠리체CC 하이퐁,몽키트래블,빈펄 골프 하이퐁,2026-05-19,오후,,,,,,,,,,,,,134015.0,132734.0,133161.0,133801.0,135722.0,135082.0,135509.0,135935.0,135935.0,135935.0,,,,,,,,,,,,,
소노펠리체CC 하이퐁,몽키트래블,빈펄 골프 하이퐁,2026-05-20,오전,,,,,,,,,,,,,,132734.0,133161.0,133801.0,135722.0,135082.0,135509.0,135935.0,135935.0,135935.0,135509.0,,,,,,,,,,,,
소노펠리체CC 하이퐁,몽키트래블,빈펄 골프 하이퐁,2026-05-20,오후,,,,,,,,,,,,,,132734.0,133161.0,133801.0,135722.0,135082.0,135509.0,135935.0,135935.0,135935.0,135509.0,,,,,,,,,,,,
소노펠리체CC 하이퐁,몽키트래블,빈펄 골프 하이퐁,2026-05-21,오전,,,,,,,,,,,,,,132734.0,133161.0,133801.0,135722.0,135082.0,135509.0,135935.0,135935.0,135935.0,135509.0,,,,,,,,,,,,
소노펠리체CC 하이퐁,몽키트래블,빈펄 골프 하이퐁,2026-05-21,오후,,,,,,,,,,,,,,132734.0,133161.0,133801.0,135722.0,135082.0,135509.0,135935.0,135935.0,135935.0,135509.0,,,,,,,,,,,,
소노펠리체CC 하이퐁,몽키트래블,빈펄 골프 하이퐁,2026-05-22,오전,,,,,,,,,,,,,,132734.0,133161.0,133801.0,135722.0,135082.0,135509.0,135935.0,135935.0,135935.0,135509.0,,,,,,,,,,,,
소노펠리체CC 하이퐁,몽키트래블,빈펄 골프 하이퐁,2026-05-22,오후,,,,,,,,,,,,,,132734.0,133161.0,133801.0,135722.0,135082.0,135509.0,135935.0,135935.0,135935.0,135509.0,,,,,,,,,,,,
소노펠리체CC 하이퐁,몽키트래블,빈펄 골프 하이퐁,2026-05-23,오전,,,,,,,,,,,,,,168935.0,169478.0,170293.0,172737.0,171922.0,172466.0,173009.0,173009.0,173009.0,172466.0,,,,,,,,,,,,
소노펠리체CC 하이퐁,몽키트래블,빈펄 골프 하이퐁,2026-05-23,오후,,,,,,,,,,,,,,168935.0,169478.0,170293.0,172737.0,171922.0,172466.0,173009.0,173009.0,173009.0,172466.0,,,,,,,,,,,,
소노펠리체CC 하이퐁,몽키트래블,빈펄 골프 하이퐁,2026-05-24,오전,,,,,,,,,,,,,,,169478.0,170293.0,172737.0,171922.0,172466.0,173009.0,173009.0,173009.0,172466.0,,,,,,,,,,,,
소노펠리체CC 하이퐁,몽키트래블,빈펄 골프 하이퐁,2026-05-24,오후,,,,,,,,,,,,,,,169478.0,170293.0,172737.0,171922.0,172466.0,173009.0,173009.0,173009.0,172466.0,,,,,,,,,,,,
소노펠리체CC 하이퐁,몽키트래블,빈펄 골프 하이퐁,2026-05-25,오전,,,,,,,,,,,,,,,133161.0,133801.0,135722.0,135082.0,135509.0,135935.0,135935.0,135935.0,135509.0,137856.0,,,,,,,,,,,
소노펠리체CC 하이퐁,몽키트래블,빈펄 골프 하이퐁,2026-05-25,오후,,,,,,,,,,,,,,,133161.0,133801.0,135722.0,135082.0,135509.0,135935.0,135935.0,135935.0,135509.0,137856.0,,,,,,,,,,,
소노펠리체CC 하이퐁,몽키트래블,빈펄 골프 하이퐁,2026-05-26,오전,,,,,,,,,,,,,,,,133801.0,135722.0,135082.0,135509.0,135935.0,135935.0,135935.0,135509.0,137856.0,137216.0,,,,,,,,,,
소노펠리체CC 하이퐁,몽키트래블,빈펄 골프 하이퐁,2026-05-26,오후,,,,,,,,,,,,,,,,133801.0,135722.0,135082.0,135509.0,135935.0,135935.0,135935.0,135509.0,137856.0,137216.0,,,,,,,,,,
소노펠리체CC 하이퐁,몽키트래블,빈펄 골프 하이퐁,2026-05-27,오전,,,,,,,,,,,,,,,,,135722.0,135082.0,135509.0,135935.0,135935.0,135935.0,135509.0,137856.0,137216.0,137216.0,,,,,,,,,
소노펠리체CC 하이퐁,몽키트래블,빈펄 골프 하이퐁,2026-05-27,오후,,,,,,,,,,,,,,,,,135722.0,135082.0,135509.0,135935.0,135935.0,135935.0,135509.0,137856.0,137216.0,137216.0,,,,,,,,,
소노펠리체CC 하이퐁,몽키트래블,빈펄 골프 하이퐁,2026-05-28,오전,,,,,,,,,,,,,,,,,,135082.0,135509.0,135935.0,135935.0,135935.0,135509.0,137856.0,137216.0,137216.0,136789.0,,,,,,,,
소노펠리체CC 하이퐁,몽키트래블,빈펄 골프 하이퐁,2026-05-28,오후,,,,,,,,,,,,,,,,,,135082.0,135509.0,135935.0,135935.0,135935.0,135509.0,137856.0,137216.0,137216.0,136789.0,,,,,,,,
소노펠리체CC 하이퐁,몽키트래블,빈펄 골프 하이퐁,2026-05-29,오전,,,,,,,,,,,,,,,,,,,135509.0,135935.0,135935.0,135935.0,135509.0,137856.0,137216.0,137216.0,136789.0,136576.0,,,,,,,
소노펠리체CC 하이퐁,몽키트래블,빈펄 골프 하이퐁,2026-05-29,오후,,,,,,,,,,,,,,,,,,,135509.0,135935.0,135935.0,135935.0,135509.0,137856.0,137216.0,137216.0,136789.0,136576.0,,,,,,,
소노펠리체CC 하이퐁,몽키트래블,빈펄 골프 하이퐁,2026-05-30,오전,,,,,,,,,,,,,,,,,,,,173009.0,173009.0,173009.0,172466.0,175453.0,174638.0,174638.0,174095.0,173824.0,173009.0,,,,,,
소노펠리체CC 하이퐁,몽키트래블,빈펄 골프 하이퐁,2026-05-30,오후,,,,,,,,,,,,,,,,,,,,173009.0,173009.0,173009.0,172466.0,175453.0,174638.0,174638.0,174095.0,173824.0,173009.0,,,,,,
소노펠리체CC 하이퐁,몽키트래블,빈펄 골프 하이퐁,2026-05-31,오전,,,,,,,,,,,,,,,,,,,,,173009.0,173009.0,172466.0,175453.0,174638.0,174638.0,174095.0,173824.0,173009.0,174367.0,,,,,
소노펠리체CC 하이퐁,몽키트래블,빈펄 골프 하이퐁,2026-05-31,오후,,,,,,,,,,,,,,,,,,,,,173009.0,173009.0,172466.0,175453.0,174638.0,174638.0,174095.0,173824.0,173009.0,174367.0,,,,,
소노펠리체CC 하이퐁,몽키트래블,빈펄 골프 하이퐁,2026-06-01,야간,,,,,,,,,,,,,,,,,,,,,,,,137856.0,137216.0,137216.0,136789.0,136576.0,135935.0,137002.0,137002.0,,,,
소노펠리체CC 하이퐁,몽키트래블,빈펄 골프 하이퐁,2026-06-01,오전,,,,,,,,,,,,,,,,,,,,,,135935.0,135509.0,137856.0,137216.0,137216.0,136789.0,136576.0,135935.0,137002.0,137002.0,,,,
소노펠리체CC 하이퐁,몽키트래블,빈펄 골프 하이퐁,2026-06-01,오후,,,,,,,,,,,,,,,,,,,,,,135935.0,135509.0,137856.0,137216.0,137216.0,136789.0,136576.0,135935.0,137002.0,137002.0,,,,
소노펠리체CC 하이퐁,몽키트래블,빈펄 골프 하이퐁,2026-06-02,야간,,,,,,,,,,,,,,,,,,,,,,,,137856.0,137216.0,137216.0,136789.0,136576.0,135935.0,137002.0,137002.0,137002.0,,,
소노펠리체CC 하이퐁,몽키트래블,빈펄 골프 하이퐁,2026-06-02,오전,,,,,,,,,,,,,,,,,,,,,,,135509.0,137856.0,137216.0,137216.0,136789.0,136576.0,135935.0,137002.0,137002.0,137002.0,,,
소노펠리체CC 하이퐁,몽키트래블,빈펄 골프 하이퐁,2026-06-02,오후,,,,,,,,,,,,,,,,,,,,,,,135509.0,137856.0,137216.0,137216.0,136789.0,136576.0,135935.0,137002.0,137002.0,137002.0,,,
소노펠리체CC 하이퐁,몽키트래블,빈펄 골프 하이퐁,2026-06-03,야간,,,,,,,,,,,,,,,,,,,,,,,,137856.0,137216.0,137216.0,136789.0,136576.0,135935.0,137002.0,137002.0,137002.0,137643.0,,
소노펠리체CC 하이퐁,몽키트래블,빈펄 골프 하이퐁,2026-06-03,오전,,,,,,,,,,,,,,,,,,,,,,,,137856.0,137216.0,137216.0,136789.0,136576.0,135935.0,137002.0,137002.0,137002.0,137643.0,,
소노펠리체CC 하이퐁,몽키트래블,빈펄 골프 하이퐁,2026-06-03,오후,,,,,,,,,,,,,,,,,,,,,,,,137856.0,137216.0,137216.0,136789.0,136576.0,135935.0,137002.0,137002.0,137002.0,137643.0,,
소노펠리체CC 하이퐁,몽키트래블,빈펄 골프 하이퐁,2026-06-04,야간,,,,,,,,,,,,,,,,,,,,,,,,137856.0,137216.0,137216.0,136789.0,136576.0,135935.0,137002.0,137002.0,137002.0,137643.0,138283.0,
소노펠리체CC 하이퐁,몽키트래블,빈펄 골프 하이퐁,2026-06-04,오전,,,,,,,,,,,,,,,,,,,,,,,,137856.0,137216.0,137216.0,136789.0,136576.0,135935.0,137002.0,137002.0,137002.0,137643.0,138283.0,
소노펠리체CC 하이퐁,몽키트래블,빈펄 골프 하이퐁,2026-06-04,오후,,,,,,,,,,,,,,,,,,,,,,,,137856.0,137216.0,137216.0,136789.0,136576.0,135935.0,137002.0,137002.0,137002.0,137643.0,138283.0,
소노펠리체CC 하이퐁,몽키트래블,빈펄 골프 하이퐁,2026-06-05,야간,,,,,,,,,,,,,,,,,,,,,,,,137856.0,137216.0,137216.0,136789.0,136576.0,135935.0,137002.0,137002.0,137002.0,137643.0,138283.0,139136.0
소노펠리체CC 하이퐁,몽키트래블,빈펄 골프 하이퐁,2026-06-05,오전,,,,,,,,,,,,,,,,,,,,,,,,137856.0,137216.0,137216.0,136789.0,136576.0,135935.0,137002.0,137002.0,137002.0,137643.0,138283.0,139136.0
소노펠리체CC 하이퐁,몽키트래블,빈펄 골프 하이퐁,2026-06-05,오후,,,,,,,,,,,,,,,,,,,,,,,,137856.0,137216.0,137216.0,136789.0,136576.0,135935.0,137002.0,137002.0,137002.0,137643.0,138283.0,139136.0
소노펠리체CC 하이퐁,몽키트래블,빈펄 골프 하이퐁,2026-06-06,오전,,,,,,,,,,,,,,,,,,,,,,,,175453.0,174638.0,174638.0,174095.0,173824.0,173009.0,174367.0,174367.0,174367.0,175182.0,175996.0,177083.0
소노펠리체CC 하이퐁,몽키트래블,빈펄 골프 하이퐁,2026-06-06,오후,,,,,,,,,,,,,,,,,,,,,,,,175453.0,174638.0,174638.0,174095.0,173824.0,173009.0,174367.0,174367.0,174367.0,175182.0,175996.0,177083.0
소노펠리체CC 하이퐁,몽키트래블,빈펄 골프 하이퐁,2026-06-07,오전,,,,,,,,,,,,,,,,,,,,,,,,175453.0,174638.0,174638.0,174095.0,173824.0,173009.0,174367.0,174367.0,174367.0,175182.0,175996.0,177083.0
소노펠리체CC 하이퐁,몽키트래블,빈펄 골프 하이퐁,2026-06-07,오후,,,,,,,,,,,,,,,,,,,,,,,,175453.0,174638.0,174638.0,174095.0,173824.0,173009.0,174367.0,174367.0,174367.0,175182.0,175996.0,177083.0
소노펠리체CC 하이퐁,몽키트래블,빈펄 골프 하이퐁,2026-06-08,야간,,,,,,,,,,,,,,,,,,,,,,,,,137216.0,137216.0,136789.0,136576.0,135935.0,137002.0,137002.0,137002.0,137643.0,138283.0,139136.0
소노펠리체CC 하이퐁,몽키트래블,빈펄 골프 하이퐁,2026-06-08,오전,,,,,,,,,,,,,,,,,,,,,,,,,137216.0,137216.0,136789.0,136576.0,135935.0,137002.0,137002.0,137002.0,137643.0,138283.0,139136.0
소노펠리체CC 하이퐁,몽키트래블,빈펄 골프 하이퐁,2026-06-08,오후,,,,,,,,,,,,,,,,,,,,,,,,,137216.0,137216.0,136789.0,136576.0,135935.0,137002.0,137002.0,137002.0,137643.0,138283.0,139136.0
소노펠리체CC 하이퐁,몽키트래블,빈펄 골프 하이퐁,2026-06-09,야간,,,,,,,,,,,,,,,,,,,,,,,,,,137216.0,136789.0,136576.0,135935.0,137002.0,137002.0,137002.0,137643.0,138283.0,139136.0
소노펠리체CC 하이퐁,몽키트래블,빈펄 골프 하이퐁,2026-06-09,오전,,,,,,,,,,,,,,,,,,,,,,,,,,137216.0,136789.0,136576.0,135935.0,137002.0,137002.0,137002.0,137643.0,138283.0,139136.0
소노펠리체CC 하이퐁,몽키트래블,빈펄 골프 하이퐁,2026-06-09,오후,,,,,,,,,,,,,,,,,,,,,,,,,,137216.0,136789.0,136576.0,135935.0,137002.0,137002.0,137002.0,137643.0,138283.0,139136.0
소노펠리체CC 하이퐁,몽키트래블,빈펄 골프 하이퐁,2026-06-10,야간,,,,,,,,,,,,,,,,,,,,,,,,,,,136789.0,136576.0,135935.0,137002.0,137002.0,137002.0,137643.0,138283.0,139136.0
소노펠리체CC 하이퐁,몽키트래블,빈펄 골프 하이퐁,2026-06-10,오전,,,,,,,,,,,,,,,,,,,,,,,,,,,136789.0,136576.0,135935.0,137002.0,137002.0,137002.0,137643.0,138283.0,139136.0
소노펠리체CC 하이퐁,몽키트래블,빈펄 골프 하이퐁,2026-06-10,오후,,,,,,,,,,,,,,,,,,,,,,,,,,,136789.0,136576.0,135935.0,137002.0,137002.0,137002.0,137643.0,138283.0,139136.0
소노펠리체CC 하이퐁,몽키트래블,빈펄 골프 하이퐁,2026-06-11,야간,,,,,,,,,,,,,,,,,,,,,,,,,,,,136576.0,135935.0,137002.0,137002.0,137002.0,137643.0,138283.0,139136.0
소노펠리체CC 하이퐁,몽키트래블,빈펄 골프 하이퐁,2026-06-11,오전,,,,,,,,,,,,,,,,,,,,,,,,,,,,136576.0,135935.0,137002.0,137002.0,137002.0,137643.0,138283.0,139136.0
소노펠리체CC 하이퐁,몽키트래블,빈펄 골프 하이퐁,2026-06-11,오후,,,,,,,,,,,,,,,,,,,,,,,,,,,,136576.0,135935.0,137002.0,137002.0,137002.0,137643.0,138283.0,139136.0
소노펠리체CC 하이퐁,몽키트래블,빈펄 골프 하이퐁,2026-06-12,야간,,,,,,,,,,,,,,,,,,,,,,,,,,,,,135935.0,137002.0,137002.0,137002.0,137643.0,138283.0,139136.0
소노펠리체CC 하이퐁,몽키트래블,빈펄 골프 하이퐁,2026-06-12,오전,,,,,,,,,,,,,,,,,,,,,,,,,,,,,135935.0,137002.0,137002.0,137002.0,137643.0,138283.0,139136.0
소노펠리체CC 하이퐁,몽키트래블,빈펄 골프 하이퐁,2026-06-12,오후,,,,,,,,,,,,,,,,,,,,,,,,,,,,,135935.0,137002.0,137002.0,137002.0,137643.0,138283.0,139136.0
소노펠리체CC 하이퐁,몽키트래블,빈펄 골프 하이퐁,2026-06-13,오전,,,,,,,,,,,,,,,,,,,,,,,,,,,,,,174367.0,174367.0,174367.0,175182.0,175996.0,177083.0
소노펠리체CC 하이퐁,몽키트래블,빈펄 골프 하이퐁,2026-06-13,오후,,,,,,,,,,,,,,,,,,,,,,,,,,,,,,174367.0,174367.0,174367.0,175182.0,175996.0,177083.0
소노펠리체CC 하이퐁,몽키트래블,빈펄 골프 하이퐁,2026-06-14,오전,,,,,,,,,,,,,,,,,,,,,,,,,,,,,,,174367.0,174367.0,175182.0,175996.0,177083.0
소노펠리체CC 하이퐁,몽키트래블,빈펄 골프 하이퐁,2026-06-14,오후,,,,,,,,,,,,,,,,,,,,,,,,,,,,,,,174367.0,174367.0,175182.0,175996.0,177083.0
소노펠리체CC 하이퐁,몽키트래블,빈펄 골프 하이퐁,2026-06-15,야간,,,,,,,,,,,,,,,,,,,,,,,,,,,,,,,,137002.0,137643.0,138283.0,139136.0
소노펠리체CC 하이퐁,몽키트래블,빈펄 골프 하이퐁,2026-06-15,오전,,,,,,,,,,,,,,,,,,,,,,,,,,,,,,,,137002.0,137643.0,138283.0,139136.0
소노펠리체CC 하이퐁,몽키트래블,빈펄 골프 하이퐁,2026-06-15,오후,,,,,,,,,,,,,,,,,,,,,,,,,,,,,,,,137002.0,137643.0,138283.0,139136.0
소노펠리체CC 하이퐁,몽키트래블,빈펄 골프 하이퐁,2026-06-16,야간,,,,,,,,,,,,,,,,,,,,,,,,,,,,,,,,,137643.0,138283.0,139136.0
소노펠리체CC 하이퐁,몽키트래블,빈펄 골프 하이퐁,2026-06-16,오전,,,,,,,,,,,,,,,,,,,,,,,,,,,,,,,,,137643.0,138283.0,139136.0
소노펠리체CC 하이퐁,몽키트래블,빈펄 골프 하이퐁,2026-06-16,오후,,,,,,,,,,,,,,,,,,,,,,,,,,,,,,,,,137643.0,138283.0,139136.0
소노펠리체CC 하이퐁,몽키트래블,빈펄 골프 하이퐁,2026-06-17,야간,,,,,,,,,,,,,,,,,,,,,,,,,,,,,,,,,,138283.0,139136.0
소노펠리체CC 하이퐁,몽키트래블,빈펄 골프 하이퐁,2026-06-17,오전,,,,,,,,,,,,,,,,,,,,,,,,,,,,,,,,,,138283.0,139136.0
소노펠리체CC 하이퐁,몽키트래블,빈펄 골프 하이퐁,2026-06-17,오후,,,,,,,,,,,,,,,,,,,,,,,,,,,,,,,,,,138283.0,139136.0
소노펠리체CC 하이퐁,몽키트래블,빈펄 골프 하이퐁,2026-06-18,야간,,,,,,,,,,,,,,,,,,,,,,,,,,,,,,,,,,,139136.0
소노펠리체CC 하이퐁,몽키트래블,빈펄 골프 하이퐁,2026-06-18,오전,,,,,,,,,,,,,,,,,,,,,,,,,,,,,,,,,,,139136.0
소노펠리체CC 하이퐁,몽키트래블,빈펄 골프 하이퐁,2026-06-18,오후,,,,,,,,,,,,,,,,,,,,,,,,,,,,,,,,,,,139136.0
소노펠리체CC 하이퐁,몽키트래블,소노펠리체CC 하이퐁,2026-04-19,오전,177219.0,,,,,,,,,,,,,,,,,,,,,,,,,,,,,,,,,,
소노펠리체CC 하이퐁,몽키트래블,소노펠리체CC 하이퐁,2026-04-19,오후,177219.0,,,,,,,,,,,,,,,,,,,,,,,,,,,,,,,,,,
소노펠리체CC 하이퐁,몽키트래블,소노펠리체CC 하이퐁,2026-04-20,오전,146664.0,,,,,,,,,,,,,,,,,,,,,,,,,,,,,,,,,,
소노펠리체CC 하이퐁,몽키트래블,소노펠리체CC 하이퐁,2026-04-20,오후,146664.0,,,,,,,,,,,,,,,,,,,,,,,,,,,,,,,,,,
소노펠리체CC 하이퐁,몽키트래블,소노펠리체CC 하이퐁,2026-04-21,오전,146664.0,145965.0,,,,,,,,,,,,,,,,,,,,,,,,,,,,,,,,,
소노펠리체CC 하이퐁,몽키트래블,소노펠리체CC 하이퐁,2026-04-21,오후,146664.0,145965.0,,,,,,,,,,,,,,,,,,,,,,,,,,,,,,,,,
소노펠리체CC 하이퐁,몽키트래블,소노펠리체CC 하이퐁,2026-04-22,오전,146664.0,145965.0,145267.0,,,,,,,,,,,,,,,,,,,,,,,,,,,,,,,,
소노펠리체CC 하이퐁,몽키트래블,소노펠리체CC 하이퐁,2026-04-22,오후,146664.0,145965.0,145267.0,,,,,,,,,,,,,,,,,,,,,,,,,,,,,,,,
소노펠리체CC 하이퐁,몽키트래블,소노펠리체CC 하이퐁,2026-04-23,오전,146664.0,145965.0,145267.0,146431.0,,,,,,,,,,,,,,,,,,,,,,,,,,,,,,,
소노펠리체CC 하이퐁,몽키트래블,소노펠리체CC 하이퐁,2026-04-23,오후,146664.0,145965.0,145267.0,146431.0,,,,,,,,,,,,,,,,,,,,,,,,,,,,,,,
소노펠리체CC 하이퐁,몽키트래블,소노펠리체CC 하이퐁,2026-04-24,오전,146664.0,145965.0,145267.0,146431.0,,,,,,,,,,,,,,,,,,,,,,,,,,,,,,,
소노펠리체CC 하이퐁,몽키트래블,소노펠리체CC 하이퐁,2026-04-24,오후,146664.0,145965.0,145267.0,146431.0,,,,,,,,,,,,,,,,,,,,,,,,,,,,,,,
소노펠리체CC 하이퐁,몽키트래블,소노펠리체CC 하이퐁,2026-04-25,오전,177219.0,176375.0,175531.0,176937.0,176656.0,,,,,,,,,,,,,,,,,,,,,,,,,,,,,,
소노펠리체CC 하이퐁,몽키트래블,소노펠리체CC 하이퐁,2026-04-25,오후,177219.0,176375.0,175531.0,176937.0,176656.0,,,,,,,,,,,,,,,,,,,,,,,,,,,,,,
소노펠리체CC 하이퐁,몽키트래블,소노펠리체CC 하이퐁,2026-04-26,오전,177219.0,176375.0,175531.0,176937.0,176656.0,,,,,,,,,,,,,,,,,,,,,,,,,,,,,,
소노펠리체CC 하이퐁,몽키트래블,소노펠리체CC 하이퐁,2026-04-26,오후,177219.0,176375.0,175531.0,176937.0,176656.0,,,,,,,,,,,,,,,,,,,,,,,,,,,,,,
소노펠리체CC 하이퐁,몽키트래블,소노펠리체CC 하이퐁,2026-04-27,오전,177219.0,176375.0,175531.0,176937.0,176656.0,176656.0,,,,,,,,,,,,,,,,,,,,,,,,,,,,,
소노펠리체CC 하이퐁,몽키트래블,소노펠리체CC 하이퐁,2026-04-27,오후,177219.0,176375.0,175531.0,176937.0,176656.0,176656.0,,,,,,,,,,,,,,,,,,,,,,,,,,,,,
소노펠리체CC 하이퐁,몽키트래블,소노펠리체CC 하이퐁,2026-04-28,오전,146664.0,145965.0,145267.0,146431.0,146198.0,146198.0,145732.0,,,,,,,,,,,,,,,,,,,,,,,,,,,,
소노펠리체CC 하이퐁,몽키트래블,소노펠리체CC 하이퐁,2026-04-28,오후,146664.0,145965.0,145267.0,146431.0,146198.0,146198.0,145732.0,,,,,,,,,,,,,,,,,,,,,,,,,,,,
소노펠리체CC 하이퐁,몽키트래블,소노펠리체CC 하이퐁,2026-04-29,오전,146664.0,145965.0,145267.0,146431.0,146198.0,146198.0,145732.0,145965.0,,,,,,,,,,,,,,,,,,,,,,,,,,,
소노펠리체CC 하이퐁,몽키트래블,소노펠리체CC 하이퐁,2026-04-29,오후,146664.0,145965.0,145267.0,146431.0,146198.0,146198.0,145732.0,145965.0,,,,,,,,,,,,,,,,,,,,,,,,,,,
소노펠리체CC 하이퐁,몽키트래블,소노펠리체CC 하이퐁,2026-04-30,오전,177219.0,176375.0,175531.0,176937.0,176656.0,176656.0,176093.0,176375.0,176937.0,,,,,,,,,,,,,,,,,,,,,,,,,,
소노펠리체CC 하이퐁,몽키트래블,소노펠리체CC 하이퐁,2026-04-30,오후,177219.0,176375.0,175531.0,176937.0,176656.0,176656.0,176093.0,176375.0,176937.0,,,,,,,,,,,,,,,,,,,,,,,,,,
소노펠리체CC 하이퐁,몽키트래블,소노펠리체CC 하이퐁,2026-05-01,오전,177219.0,176375.0,175531.0,176937.0,176656.0,176656.0,176093.0,176375.0,176937.0,176656.0,,,,,,,,,,,,,,,,,,,,,,,,,
소노펠리체CC 하이퐁,몽키트래블,소노펠리체CC 하이퐁,2026-05-01,오후,177219.0,176375.0,175531.0,176937.0,176656.0,176656.0,176093.0,176375.0,176937.0,176656.0,,,,,,,,,,,,,,,,,,,,,,,,,
소노펠리체CC 하이퐁,몽키트래블,소노펠리체CC 하이퐁,2026-05-02,오전,177219.0,176375.0,175531.0,176937.0,176656.0,176656.0,176093.0,176375.0,176937.0,176656.0,176375.0,,,,,,,,,,,,,,,,,,,,,,,,
소노펠리체CC 하이퐁,몽키트래블,소노펠리체CC 하이퐁,2026-05-02,오후,177219.0,176375.0,175531.0,176937.0,176656.0,176656.0,176093.0,176375.0,176937.0,176656.0,176375.0,,,,,,,,,,,,,,,,,,,,,,,,
소노펠리체CC 하이퐁,몽키트래블,소노펠리체CC 하이퐁,2026-05-03,오전,,176375.0,175531.0,176937.0,176656.0,176656.0,176093.0,176375.0,176937.0,176656.0,176375.0,,,,,,,,,,,,,,,,,,,,,,,,
소노펠리체CC 하이퐁,몽키트래블,소노펠리체CC 하이퐁,2026-05-03,오후,,176375.0,175531.0,176937.0,176656.0,176656.0,176093.0,176375.0,176937.0,176656.0,176375.0,,,,,,,,,,,,,,,,,,,,,,,,
소노펠리체CC 하이퐁,몽키트래블,소노펠리체CC 하이퐁,2026-05-04,오전,,145965.0,145267.0,146431.0,146198.0,146198.0,145732.0,145965.0,146431.0,146198.0,145965.0,,,,,,,,,,,,,,,,,,,,,,,,
소노펠리체CC 하이퐁,몽키트래블,소노펠리체CC 하이퐁,2026-05-04,오후,,145965.0,145267.0,146431.0,146198.0,146198.0,145732.0,145965.0,146431.0,146198.0,145965.0,,,,,,,,,,,,,,,,,,,,,,,,
소노펠리체CC 하이퐁,몽키트래블,소노펠리체CC 하이퐁,2026-05-05,오전,,,175531.0,176937.0,176656.0,176656.0,176093.0,176375.0,176937.0,176656.0,176375.0,176093.0,,,,,,,,,,,,,,,,,,,,,,,
소노펠리체CC 하이퐁,몽키트래블,소노펠리체CC 하이퐁,2026-05-05,오후,,,175531.0,176937.0,176656.0,176656.0,176093.0,176375.0,176937.0,176656.0,176375.0,176093.0,,,,,,,,,,,,,,,,,,,,,,,
소노펠리체CC 하이퐁,몽키트래블,소노펠리체CC 하이퐁,2026-05-06,오전,,,,146431.0,146198.0,146198.0,145732.0,145965.0,146431.0,146198.0,145965.0,145732.0,146198.0,,,,,,,,,,,,,,,,,,,,,,
소노펠리체CC 하이퐁,몽키트래블,소노펠리체CC 하이퐁,2026-05-06,오후,,,,146431.0,146198.0,146198.0,145732.0,145965.0,146431.0,146198.0,145965.0,145732.0,146198.0,,,,,,,,,,,,,,,,,,,,,,
소노펠리체CC 하이퐁,몽키트래블,소노펠리체CC 하이퐁,2026-05-07,오전,,,,,146198.0,146198.0,145732.0,145965.0,146431.0,146198.0,145965.0,145732.0,146198.0,,,,,,,,,,,,,,,,,,,,,,
소노펠리체CC 하이퐁,몽키트래블,소노펠리체CC 하이퐁,2026-05-07,오후,,,,,146198.0,146198.0,145732.0,145965.0,146431.0,146198.0,145965.0,145732.0,146198.0,,,,,,,,,,,,,,,,,,,,,,
소노펠리체CC 하이퐁,몽키트래블,소노펠리체CC 하이퐁,2026-05-08,오전,,,,,146198.0,146198.0,145732.0,145965.0,146431.0,146198.0,145965.0,145732.0,146198.0,,,,,,,,,,,,,,,,,,,,,,
소노펠리체CC 하이퐁,몽키트래블,소노펠리체CC 하이퐁,2026-05-08,오후,,,,,146198.0,146198.0,145732.0,145965.0,146431.0,146198.0,145965.0,145732.0,146198.0,,,,,,,,,,,,,,,,,,,,,,
소노펠리체CC 하이퐁,몽키트래블,소노펠리체CC 하이퐁,2026-05-09,오전,,,,,,176656.0,176093.0,176375.0,176937.0,176656.0,176375.0,176093.0,176656.0,,,,,,,,,,,,,,,,,,,,,,
소노펠리체CC 하이퐁,몽키트래블,소노펠리체CC 하이퐁,2026-05-09,오후,,,,,,176656.0,176093.0,176375.0,176937.0,176656.0,176375.0,176093.0,176656.0,,,,,,,,,,,,,,,,,,,,,,
소노펠리체CC 하이퐁,몽키트래블,소노펠리체CC 하이퐁,2026-05-10,오전,,,,,,176656.0,176093.0,176375.0,176937.0,176656.0,176375.0,176093.0,176656.0,174968.0,,,,,,,,,,,,,,,,,,,,,
소노펠리체CC 하이퐁,몽키트래블,소노펠리체CC 하이퐁,2026-05-10,오후,,,,,,176656.0,176093.0,176375.0,176937.0,176656.0,176375.0,176093.0,176656.0,174968.0,,,,,,,,,,,,,,,,,,,,,
소노펠리체CC 하이퐁,몽키트래블,소노펠리체CC 하이퐁,2026-05-11,오전,,,,,,,145732.0,145965.0,146431.0,146198.0,145965.0,145732.0,146198.0,144801.0,,,,,,,,,,,,,,,,,,,,,
소노펠리체CC 하이퐁,몽키트래블,소노펠리체CC 하이퐁,2026-05-11,오후,,,,,,,145732.0,145965.0,146431.0,146198.0,145965.0,145732.0,146198.0,144801.0,,,,,,,,,,,,,,,,,,,,,
소노펠리체CC 하이퐁,몽키트래블,소노펠리체CC 하이퐁,2026-05-12,오전,,,,,,,,145965.0,146431.0,146198.0,145965.0,145732.0,146198.0,144801.0,145267.0,,,,,,,,,,,,,,,,,,,,
소노펠리체CC 하이퐁,몽키트래블,소노펠리체CC 하이퐁,2026-05-12,오후,,,,,,,,145965.0,146431.0,146198.0,145965.0,145732.0,146198.0,144801.0,145267.0,,,,,,,,,,,,,,,,,,,,
소노펠리체CC 하이퐁,몽키트래블,소노펠리체CC 하이퐁,2026-05-13,오전,,,,,,,,,146431.0,146198.0,145965.0,145732.0,146198.0,144801.0,145267.0,145965.0,,,,,,,,,,,,,,,,,,,
소노펠리체CC 하이퐁,몽키트래블,소노펠리체CC 하이퐁,2026-05-13,오후,,,,,,,,,146431.0,146198.0,145965.0,145732.0,146198.0,144801.0,145267.0,145965.0,,,,,,,,,,,,,,,,,,,
소노펠리체CC 하이퐁,몽키트래블,소노펠리체CC 하이퐁,2026-05-14,오전,,,,,,,,,,146198.0,145965.0,145732.0,146198.0,144801.0,145267.0,145965.0,148060.0,,,,,,,,,,,,,,,,,,
소노펠리체CC 하이퐁,몽키트래블,소노펠리체CC 하이퐁,2026-05-14,오후,,,,,,,,,,146198.0,145965.0,145732.0,146198.0,144801.0,145267.0,145965.0,148060.0,,,,,,,,,,,,,,,,,,
소노펠리체CC 하이퐁,몽키트래블,소노펠리체CC 하이퐁,2026-05-15,오전,,,,,,,,,,,145965.0,145732.0,146198.0,144801.0,145267.0,145965.0,148060.0,147362.0,,,,,,,,,,,,,,,,,
소노펠리체CC 하이퐁,몽키트래블,소노펠리체CC 하이퐁,2026-05-15,오후,,,,,,,,,,,145965.0,145732.0,146198.0,144801.0,145267.0,145965.0,148060.0,147362.0,,,,,,,,,,,,,,,,,
소노펠리체CC 하이퐁,몽키트래블,소노펠리체CC 하이퐁,2026-05-16,오전,,,,,,,,,,,,176093.0,176656.0,174968.0,175531.0,176375.0,178906.0,178062.0,178625.0,,,,,,,,,,,,,,,,
소노펠리체CC 하이퐁,몽키트래블,소노펠리체CC 하이퐁,2026-05-16,오후,,,,,,,,,,,,176093.0,176656.0,174968.0,175531.0,176375.0,178906.0,178062.0,178625.0,,,,,,,,,,,,,,,,
소노펠리체CC 하이퐁,몽키트래블,소노펠리체CC 하이퐁,2026-05-17,오전,,,,,,,,,,,,176093.0,176656.0,174968.0,175531.0,176375.0,178906.0,178062.0,178625.0,179188.0,,,,,,,,,,,,,,,
소노펠리체CC 하이퐁,몽키트래블,소노펠리체CC 하이퐁,2026-05-17,오후,,,,,,,,,,,,176093.0,176656.0,174968.0,175531.0,176375.0,178906.0,178062.0,178625.0,179188.0,,,,,,,,,,,,,,,
소노펠리체CC 하이퐁,몽키트래블,소노펠리체CC 하이퐁,2026-05-18,오전,,,,,,,,,,,,145732.0,146198.0,144801.0,145267.0,145965.0,148060.0,147362.0,147828.0,148293.0,148293.0,,,,,,,,,,,,,,
소노펠리체CC 하이퐁,몽키트래블,소노펠리체CC 하이퐁,2026-05-18,오후,,,,,,,,,,,,145732.0,146198.0,144801.0,145267.0,145965.0,148060.0,147362.0,147828.0,148293.0,148293.0,,,,,,,,,,,,,,
소노펠리체CC 하이퐁,몽키트래블,소노펠리체CC 하이퐁,2026-05-19,오전,,,,,,,,,,,,,146198.0,144801.0,145267.0,145965.0,148060.0,147362.0,147828.0,148293.0,148293.0,148293.0,,,,,,,,,,,,,
소노펠리체CC 하이퐁,몽키트래블,소노펠리체CC 하이퐁,2026-05-19,오후,,,,,,,,,,,,,146198.0,144801.0,145267.0,145965.0,148060.0,147362.0,147828.0,148293.0,148293.0,148293.0,,,,,,,,,,,,,
소노펠리체CC 하이퐁,몽키트래블,소노펠리체CC 하이퐁,2026-05-20,오전,,,,,,,,,,,,,,144801.0,145267.0,145965.0,148060.0,147362.0,147828.0,148293.0,148293.0,148293.0,147828.0,,,,,,,,,,,,
소노펠리체CC 하이퐁,몽키트래블,소노펠리체CC 하이퐁,2026-05-20,오후,,,,,,,,,,,,,,144801.0,145267.0,145965.0,148060.0,147362.0,147828.0,148293.0,148293.0,148293.0,147828.0,,,,,,,,,,,,
소노펠리체CC 하이퐁,몽키트래블,소노펠리체CC 하이퐁,2026-05-21,오전,,,,,,,,,,,,,,144801.0,145267.0,145965.0,148060.0,147362.0,147828.0,148293.0,148293.0,148293.0,147828.0,,,,,,,,,,,,
소노펠리체CC 하이퐁,몽키트래블,소노펠리체CC 하이퐁,2026-05-21,오후,,,,,,,,,,,,,,144801.0,145267.0,145965.0,148060.0,147362.0,147828.0,148293.0,148293.0,148293.0,147828.0,,,,,,,,,,,,
소노펠리체CC 하이퐁,몽키트래블,소노펠리체CC 하이퐁,2026-05-22,오전,,,,,,,,,,,,,,144801.0,145267.0,145965.0,148060.0,147362.0,147828.0,148293.0,148293.0,148293.0,147828.0,,,,,,,,,,,,
소노펠리체CC 하이퐁,몽키트래블,소노펠리체CC 하이퐁,2026-05-22,오후,,,,,,,,,,,,,,144801.0,145267.0,145965.0,148060.0,147362.0,147828.0,148293.0,148293.0,148293.0,147828.0,,,,,,,,,,,,
소노펠리체CC 하이퐁,몽키트래블,소노펠리체CC 하이퐁,2026-05-23,오전,,,,,,,,,,,,,,174968.0,175531.0,176375.0,178906.0,178062.0,178625.0,179188.0,179188.0,179188.0,178625.0,,,,,,,,,,,,
소노펠리체CC 하이퐁,몽키트래블,소노펠리체CC 하이퐁,2026-05-23,오후,,,,,,,,,,,,,,174968.0,175531.0,176375.0,178906.0,178062.0,178625.0,179188.0,179188.0,179188.0,178625.0,,,,,,,,,,,,
소노펠리체CC 하이퐁,몽키트래블,소노펠리체CC 하이퐁,2026-05-24,오전,,,,,,,,,,,,,,,175531.0,176375.0,178906.0,178062.0,178625.0,179188.0,179188.0,179188.0,178625.0,,,,,,,,,,,,
소노펠리체CC 하이퐁,몽키트래블,소노펠리체CC 하이퐁,2026-05-24,오후,,,,,,,,,,,,,,,175531.0,176375.0,178906.0,178062.0,178625.0,179188.0,179188.0,179188.0,178625.0,,,,,,,,,,,,
소노펠리체CC 하이퐁,몽키트래블,소노펠리체CC 하이퐁,2026-05-25,오전,,,,,,,,,,,,,,,175531.0,176375.0,178906.0,178062.0,178625.0,179188.0,179188.0,179188.0,178625.0,181719.0,,,,,,,,,,,
소노펠리체CC 하이퐁,몽키트래블,소노펠리체CC 하이퐁,2026-05-25,오후,,,,,,,,,,,,,,,175531.0,176375.0,178906.0,178062.0,178625.0,179188.0,179188.0,179188.0,178625.0,181719.0,,,,,,,,,,,
소노펠리체CC 하이퐁,몽키트래블,소노펠리체CC 하이퐁,2026-05-26,오전,,,,,,,,,,,,,,,,145965.0,148060.0,147362.0,147828.0,148293.0,148293.0,148293.0,147828.0,150388.0,149690.0,,,,,,,,,,
소노펠리체CC 하이퐁,몽키트래블,소노펠리체CC 하이퐁,2026-05-26,오후,,,,,,,,,,,,,,,,145965.0,148060.0,147362.0,147828.0,148293.0,148293.0,148293.0,147828.0,150388.0,149690.0,,,,,,,,,,
소노펠리체CC 하이퐁,몽키트래블,소노펠리체CC 하이퐁,2026-05-27,오전,,,,,,,,,,,,,,,,,148060.0,147362.0,147828.0,148293.0,148293.0,148293.0,147828.0,150388.0,149690.0,149690.0,,,,,,,,,
소노펠리체CC 하이퐁,몽키트래블,소노펠리체CC 하이퐁,2026-05-27,오후,,,,,,,,,,,,,,,,,148060.0,147362.0,147828.0,148293.0,148293.0,148293.0,147828.0,150388.0,149690.0,149690.0,,,,,,,,,
소노펠리체CC 하이퐁,몽키트래블,소노펠리체CC 하이퐁,2026-05-28,오전,,,,,,,,,,,,,,,,,,147362.0,147828.0,148293.0,148293.0,148293.0,147828.0,150388.0,149690.0,149690.0,149224.0,,,,,,,,
소노펠리체CC 하이퐁,몽키트래블,소노펠리체CC 하이퐁,2026-05-28,오후,,,,,,,,,,,,,,,,,,147362.0,147828.0,148293.0,148293.0,148293.0,147828.0,150388.0,149690.0,149690.0,149224.0,,,,,,,,
소노펠리체CC 하이퐁,몽키트래블,소노펠리체CC 하이퐁,2026-05-29,오전,,,,,,,,,,,,,,,,,,,147828.0,148293.0,148293.0,148293.0,147828.0,150388.0,149690.0,149690.0,149224.0,148992.0,,,,,,,
소노펠리체CC 하이퐁,몽키트래블,소노펠리체CC 하이퐁,2026-05-29,오후,,,,,,,,,,,,,,,,,,,147828.0,148293.0,148293.0,148293.0,147828.0,150388.0,149690.0,149690.0,149224.0,148992.0,,,,,,,
소노펠리체CC 하이퐁,몽키트래블,소노펠리체CC 하이퐁,2026-05-30,오전,,,,,,,,,,,,,,,,,,,,179188.0,179188.0,179188.0,178625.0,181719.0,180875.0,180875.0,180313.0,180032.0,179188.0,,,,,,
소노펠리체CC 하이퐁,몽키트래블,소노펠리체CC 하이퐁,2026-05-30,오후,,,,,,,,,,,,,,,,,,,,179188.0,179188.0,179188.0,178625.0,181719.0,180875.0,180875.0,180313.0,180032.0,179188.0,,,,,,
소노펠리체CC 하이퐁,몽키트래블,소노펠리체CC 하이퐁,2026-05-31,오전,,,,,,,,,,,,,,,,,,,,,179188.0,179188.0,178625.0,181719.0,180875.0,180875.0,180313.0,180032.0,179188.0,180594.0,,,,,
소노펠리체CC 하이퐁,몽키트래블,소노펠리체CC 하이퐁,2026-05-31,오후,,,,,,,,,,,,,,,,,,,,,179188.0,179188.0,178625.0,181719.0,180875.0,180875.0,180313.0,180032.0,179188.0,180594.0,,,,,
소노펠리체CC 하이퐁,몽키트래블,소노펠리체CC 하이퐁,2026-06-01,오전,,,,,,,,,,,,,,,,,,,,,,148293.0,147828.0,150388.0,149690.0,149690.0,149224.0,148992.0,148293.0,149457.0,149457.0,,,,
소노펠리체CC 하이퐁,몽키트래블,소노펠리체CC 하이퐁,2026-06-01,오후,,,,,,,,,,,,,,,,,,,,,,148293.0,147828.0,150388.0,149690.0,149690.0,149224.0,148992.0,148293.0,149457.0,149457.0,,,,
소노펠리체CC 하이퐁,몽키트래블,소노펠리체CC 하이퐁,2026-06-02,오전,,,,,,,,,,,,,,,,,,,,,,,147828.0,150388.0,149690.0,149690.0,149224.0,148992.0,148293.0,149457.0,149457.0,149457.0,,,
소노펠리체CC 하이퐁,몽키트래블,소노펠리체CC 하이퐁,2026-06-02,오후,,,,,,,,,,,,,,,,,,,,,,,147828.0,150388.0,149690.0,149690.0,149224.0,148992.0,148293.0,149457.0,149457.0,149457.0,,,
소노펠리체CC 하이퐁,몽키트래블,소노펠리체CC 하이퐁,2026-06-03,오전,,,,,,,,,,,,,,,,,,,,,,,,181719.0,180875.0,180875.0,180313.0,180032.0,179188.0,180594.0,180594.0,180594.0,181438.0,,
소노펠리체CC 하이퐁,몽키트래블,소노펠리체CC 하이퐁,2026-06-03,오후,,,,,,,,,,,,,,,,,,,,,,,,181719.0,180875.0,180875.0,180313.0,180032.0,179188.0,180594.0,180594.0,180594.0,181438.0,,
소노펠리체CC 하이퐁,몽키트래블,소노펠리체CC 하이퐁,2026-06-04,오전,,,,,,,,,,,,,,,,,,,,,,,,150388.0,149690.0,149690.0,149224.0,148992.0,148293.0,149457.0,149457.0,149457.0,150156.0,150854.0,
소노펠리체CC 하이퐁,몽키트래블,소노펠리체CC 하이퐁,2026-06-04,오후,,,,,,,,,,,,,,,,,,,,,,,,150388.0,149690.0,149690.0,149224.0,148992.0,148293.0,149457.0,149457.0,149457.0,150156.0,150854.0,
소노펠리체CC 하이퐁,몽키트래블,소노펠리체CC 하이퐁,2026-06-05,오전,,,,,,,,,,,,,,,,,,,,,,,,150388.0,149690.0,149690.0,149224.0,148992.0,148293.0,149457.0,149457.0,149457.0,150156.0,150854.0,151785.0
소노펠리체CC 하이퐁,몽키트래블,소노펠리체CC 하이퐁,2026-06-05,오후,,,,,,,,,,,,,,,,,,,,,,,,150388.0,149690.0,149690.0,149224.0,148992.0,148293.0,149457.0,149457.0,149457.0,150156.0,150854.0,151785.0
소노펠리체CC 하이퐁,몽키트래블,소노펠리체CC 하이퐁,2026-06-06,오전,,,,,,,,,,,,,,,,,,,,,,,,181719.0,180875.0,180875.0,180313.0,180032.0,179188.0,180594.0,180594.0,180594.0,181438.0,182282.0,183407.0
소노펠리체CC 하이퐁,몽키트래블,소노펠리체CC 하이퐁,2026-06-06,오후,,,,,,,,,,,,,,,,,,,,,,,,181719.0,180875.0,180875.0,180313.0,180032.0,179188.0,180594.0,180594.0,180594.0,181438.0,182282.0,183407.0
소노펠리체CC 하이퐁,몽키트래블,소노펠리체CC 하이퐁,2026-06-07,오전,,,,,,,,,,,,,,,,,,,,,,,,181719.0,180875.0,180875.0,180313.0,180032.0,179188.0,180594.0,180594.0,180594.0,181438.0,182282.0,183407.0
소노펠리체CC 하이퐁,몽키트래블,소노펠리체CC 하이퐁,2026-06-07,오후,,,,,,,,,,,,,,,,,,,,,,,,181719.0,180875.0,180875.0,180313.0,180032.0,179188.0,180594.0,180594.0,180594.0,181438.0,182282.0,183407.0
소노펠리체CC 하이퐁,몽키트래블,소노펠리체CC 하이퐁,2026-06-08,오전,,,,,,,,,,,,,,,,,,,,,,,,,149690.0,149690.0,149224.0,148992.0,148293.0,149457.0,149457.0,149457.0,150156.0,150854.0,151785.0
소노펠리체CC 하이퐁,몽키트래블,소노펠리체CC 하이퐁,2026-06-08,오후,,,,,,,,,,,,,,,,,,,,,,,,,149690.0,149690.0,149224.0,148992.0,148293.0,149457.0,149457.0,149457.0,150156.0,150854.0,151785.0
소노펠리체CC 하이퐁,몽키트래블,소노펠리체CC 하이퐁,2026-06-09,오전,,,,,,,,,,,,,,,,,,,,,,,,,,149690.0,149224.0,148992.0,148293.0,149457.0,149457.0,149457.0,150156.0,150854.0,151785.0
소노펠리체CC 하이퐁,몽키트래블,소노펠리체CC 하이퐁,2026-06-09,오후,,,,,,,,,,,,,,,,,,,,,,,,,,149690.0,149224.0,148992.0,148293.0,149457.0,149457.0,149457.0,150156.0,150854.0,151785.0
소노펠리체CC 하이퐁,몽키트래블,소노펠리체CC 하이퐁,2026-06-10,오전,,,,,,,,,,,,,,,,,,,,,,,,,,,149224.0,148992.0,148293.0,149457.0,149457.0,149457.0,150156.0,150854.0,151785.0
소노펠리체CC 하이퐁,몽키트래블,소노펠리체CC 하이퐁,2026-06-10,오후,,,,,,,,,,,,,,,,,,,,,,,,,,,149224.0,148992.0,148293.0,149457.0,149457.0,149457.0,150156.0,150854.0,151785.0
소노펠리체CC 하이퐁,몽키트래블,소노펠리체CC 하이퐁,2026-06-11,오전,,,,,,,,,,,,,,,,,,,,,,,,,,,,148992.0,148293.0,149457.0,149457.0,149457.0,150156.0,150854.0,151785.0
소노펠리체CC 하이퐁,몽키트래블,소노펠리체CC 하이퐁,2026-06-11,오후,,,,,,,,,,,,,,,,,,,,,,,,,,,,148992.0,148293.0,149457.0,149457.0,149457.0,150156.0,150854.0,151785.0
소노펠리체CC 하이퐁,몽키트래블,소노펠리체CC 하이퐁,2026-06-12,오전,,,,,,,,,,,,,,,,,,,,,,,,,,,,,148293.0,149457.0,149457.0,149457.0,150156.0,150854.0,151785.0
소노펠리체CC 하이퐁,몽키트래블,소노펠리체CC 하이퐁,2026-06-12,오후,,,,,,,,,,,,,,,,,,,,,,,,,,,,,148293.0,149457.0,149457.0,149457.0,150156.0,150854.0,151785.0
소노펠리체CC 하이퐁,몽키트래블,소노펠리체CC 하이퐁,2026-06-13,오전,,,,,,,,,,,,,,,,,,,,,,,,,,,,,,180594.0,180594.0,180594.0,181438.0,182282.0,183407.0
소노펠리체CC 하이퐁,몽키트래블,소노펠리체CC 하이퐁,2026-06-13,오후,,,,,,,,,,,,,,,,,,,,,,,,,,,,,,180594.0,180594.0,180594.0,181438.0,182282.0,183407.0
소노펠리체CC 하이퐁,몽키트래블,소노펠리체CC 하이퐁,2026-06-14,오전,,,,,,,,,,,,,,,,,,,,,,,,,,,,,,,180594.0,180594.0,181438.0,182282.0,183407.0
소노펠리체CC 하이퐁,몽키트래블,소노펠리체CC 하이퐁,2026-06-14,오후,,,,,,,,,,,,,,,,,,,,,,,,,,,,,,,180594.0,180594.0,181438.0,182282.0,183407.0
소노펠리체CC 하이퐁,몽키트래블,소노펠리체CC 하이퐁,2026-06-15,오전,,,,,,,,,,,,,,,,,,,,,,,,,,,,,,,,149457.0,150156.0,150854.0,151785.0
소노펠리체CC 하이퐁,몽키트래블,소노펠리체CC 하이퐁,2026-06-15,오후,,,,,,,,,,,,,,,,,,,,,,,,,,,,,,,,149457.0,150156.0,150854.0,151785.0
소노펠리체CC 하이퐁,몽키트래블,소노펠리체CC 하이퐁,2026-06-16,오전,,,,,,,,,,,,,,,,,,,,,,,,,,,,,,,,,150156.0,150854.0,151785.0
소노펠리체CC 하이퐁,몽키트래블,소노펠리체CC 하이퐁,2026-06-16,오후,,,,,,,,,,,,,,,,,,,,,,,,,,,,,,,,,150156.0,150854.0,151785.0
소노펠리체CC 하이퐁,몽키트래블,소노펠리체CC 하이퐁,2026-06-17,오전,,,,,,,,,,,,,,,,,,,,,,,,,,,,,,,,,,150854.0,151785.0
소노펠리체CC 하이퐁,몽키트래블,소노펠리체CC 하이퐁,2026-06-17,오후,,,,,,,,,,,,,,,,,,,,,,,,,,,,,,,,,,150854.0,151785.0
소노펠리체CC 하이퐁,몽키트래블,소노펠리체CC 하이퐁,2026-06-18,오전,,,,,,,,,,,,,,,,,,,,,,,,,,,,,,,,,,,151785.0
소노펠리체CC 하이퐁,몽키트래블,소노펠리체CC 하이퐁,2026-06-18,오후,,,,,,,,,,,,,,,,,,,,,,,,,,,,,,,,,,,151785.0
